ridership_id,trip_id,station_id,boardings,alightings,passenger_load_after_stop,vehicle_capacity,is_overcrowded
RD00001,T0001,S043,24,0,27,45,No
RD00002,T0001,S044,21,9,39,45,No
RD00003,T0001,S045,5,9,35,45,No
RD00004,T0001,S046,2,3,34,45,No
RD00005,T0001,S047,9,8,35,45,No
RD00006,T0001,S048,1,35,1,45,No
RD00007,T0002,S025,10,0,21,45,No
RD00008,T0002,S026,10,4,27,45,No
RD00009,T0002,S027,9,4,32,45,No
RD00010,T0002,S028,3,1,34,45,No
RD00011,T0002,S029,1,6,29,45,No
RD00012,T0002,S030,2,29,2,45,No
RD00013,T0003,S037,21,0,25,70,No
RD00014,T0003,S038,5,13,17,70,No
RD00015,T0003,S039,5,3,19,70,No
RD00016,T0003,S040,11,11,19,70,No
RD00017,T0003,S041,8,13,14,70,No
RD00018,T0003,S042,3,14,3,70,No
RD00019,T0004,S001,5,0,8,25,No
RD00020,T0004,S002,11,2,17,25,No
RD00021,T0004,S003,2,3,16,25,No
RD00022,T0004,S004,7,0,23,25,No
RD00023,T0004,S005,6,2,27,25,Yes
RD00024,T0004,S006,3,27,3,25,No
RD00025,T0005,S037,23,0,23,70,No
RD00026,T0005,S038,3,12,14,70,No
RD00027,T0005,S039,15,11,18,70,No
RD00028,T0005,S040,12,10,20,70,No
RD00029,T0005,S041,3,13,10,70,No
RD00030,T0005,S042,4,10,4,70,No
RD00031,T0006,S001,6,0,9,25,No
RD00032,T0006,S002,8,1,16,25,No
RD00033,T0006,S003,6,2,20,25,No
RD00034,T0006,S004,10,1,29,25,Yes
RD00035,T0006,S005,11,2,38,25,Yes
RD00036,T0006,S006,0,38,0,25,No
RD00037,T0007,S025,10,0,21,25,No
RD00038,T0007,S026,8,3,35,25,Yes
RD00039,T0007,S027,3,1,37,25,Yes
RD00040,T0007,S028,3,2,38,25,Yes
RD00041,T0007,S029,2,2,38,25,Yes
RD00042,T0007,S030,2,38,2,25,No
RD00043,T0008,S025,13,0,18,25,No
RD00044,T0008,S026,11,3,26,25,Yes
RD00045,T0008,S027,4,5,25,25,No
RD00046,T0008,S028,2,0,37,25,Yes
RD00047,T0008,S029,3,0,40,25,Yes
RD00048,T0008,S030,4,40,4,25,No
RD00049,T0009,S025,6,0,6,45,No
RD00050,T0009,S026,6,5,7,45,No
RD00051,T0009,S027,7,1,13,45,No
RD00052,T0009,S028,8,2,19,45,No
RD00053,T0009,S029,4,1,22,45,No
RD00054,T0009,S030,3,22,3,45,No
RD00055,T0010,S001,21,0,23,70,No
RD00056,T0010,S002,4,12,15,70,No
RD00057,T0010,S003,11,1,25,70,No
RD00058,T0010,S004,10,5,30,70,No
RD00059,T0010,S005,13,2,41,70,No
RD00060,T0010,S006,1,41,1,70,No
RD00061,T0011,S031,27,0,37,45,No
RD00062,T0011,S032,19,8,53,45,Yes
RD00063,T0011,S033,12,7,58,45,Yes
RD00064,T0011,S034,14,2,70,45,Yes
RD00065,T0011,S035,7,7,70,45,Yes
RD00066,T0011,S036,0,70,0,45,No
RD00067,T0012,S007,7,0,7,25,No
RD00068,T0012,S008,4,5,6,25,No
RD00069,T0012,S009,4,2,8,25,No
RD00070,T0012,S010,2,2,8,25,No
RD00071,T0012,S011,3,1,10,25,No
RD00072,T0012,S012,0,10,0,25,No
RD00073,T0013,S013,14,0,17,45,No
RD00074,T0013,S014,10,9,18,45,No
RD00075,T0013,S015,5,9,14,45,No
RD00076,T0013,S016,11,0,25,45,No
RD00077,T0013,S017,4,4,25,45,No
RD00078,T0013,S018,4,25,4,45,No
RD00079,T0014,S037,7,0,11,25,No
RD00080,T0014,S038,6,1,16,25,No
RD00081,T0014,S039,3,3,16,25,No
RD00082,T0014,S040,1,5,12,25,No
RD00083,T0014,S041,4,1,15,25,No
RD00084,T0014,S042,3,15,3,25,No
RD00085,T0015,S019,9,0,10,45,No
RD00086,T0015,S020,11,7,14,45,No
RD00087,T0015,S021,2,9,7,45,No
RD00088,T0015,S022,6,0,13,45,No
RD00089,T0015,S023,3,5,11,45,No
RD00090,T0015,S024,3,11,3,45,No
RD00091,T0016,S043,12,0,18,25,No
RD00092,T0016,S044,11,4,25,25,No
RD00093,T0016,S045,2,3,28,25,Yes
RD00094,T0016,S046,5,0,33,25,Yes
RD00095,T0016,S047,7,0,40,25,Yes
RD00096,T0016,S048,4,40,4,25,No
RD00097,T0017,S001,18,0,24,45,No
RD00098,T0017,S002,18,8,34,45,No
RD00099,T0017,S003,3,4,33,45,No
RD00100,T0017,S004,7,8,32,45,No
RD00101,T0017,S005,18,2,48,45,Yes
RD00102,T0017,S006,4,48,4,45,No
RD00103,T0018,S001,13,0,19,25,No
RD00104,T0018,S002,5,0,24,25,No
RD00105,T0018,S003,4,5,27,25,Yes
RD00106,T0018,S004,2,3,26,25,Yes
RD00107,T0018,S005,1,4,23,25,No
RD00108,T0018,S006,1,23,1,25,No
RD00109,T0019,S007,5,0,10,25,No
RD00110,T0019,S008,8,1,17,25,No
RD00111,T0019,S009,9,4,22,25,No
RD00112,T0019,S010,5,5,22,25,No
RD00113,T0019,S011,5,1,26,25,Yes
RD00114,T0019,S012,0,26,0,25,No
RD00115,T0020,S043,5,0,5,25,No
RD00116,T0020,S044,3,3,5,25,No
RD00117,T0020,S045,1,4,2,25,No
RD00118,T0020,S046,6,1,7,25,No
RD00119,T0020,S047,6,4,9,25,No
RD00120,T0020,S048,0,9,0,25,No
RD00121,T0021,S019,10,0,13,25,No
RD00122,T0021,S020,8,0,21,25,No
RD00123,T0021,S021,6,1,26,25,Yes
RD00124,T0021,S022,10,0,36,25,Yes
RD00125,T0021,S023,4,0,40,25,Yes
RD00126,T0021,S024,0,40,3,25,No
RD00127,T0022,S001,3,0,4,25,No
RD00128,T0022,S002,3,3,4,25,No
RD00129,T0022,S003,2,3,3,25,No
RD00130,T0022,S004,1,1,3,25,No
RD00131,T0022,S005,2,3,2,25,No
RD00132,T0022,S006,2,2,2,25,No
RD00133,T0023,S001,19,0,22,45,No
RD00134,T0023,S002,9,5,26,45,No
RD00135,T0023,S003,12,9,29,45,No
RD00136,T0023,S004,6,0,35,45,No
RD00137,T0023,S005,2,8,29,45,No
RD00138,T0023,S006,0,29,0,45,No
RD00139,T0024,S043,15,0,19,45,No
RD00140,T0024,S044,15,8,32,45,No
RD00141,T0024,S045,19,4,47,45,Yes
RD00142,T0024,S046,8,9,46,45,Yes
RD00143,T0024,S047,16,9,53,45,Yes
RD00144,T0024,S048,1,53,1,45,No
RD00145,T0025,S019,15,0,19,25,No
RD00146,T0025,S020,1,1,19,25,No
RD00147,T0025,S021,4,0,23,25,No
RD00148,T0025,S022,1,5,19,25,No
RD00149,T0025,S023,11,0,30,25,Yes
RD00150,T0025,S024,2,30,2,25,No
RD00151,T0026,S001,6,0,10,25,No
RD00152,T0026,S002,3,0,13,25,No
RD00153,T0026,S003,1,0,14,25,No
RD00154,T0026,S004,7,4,17,25,No
RD00155,T0026,S005,8,2,23,25,No
RD00156,T0026,S006,0,23,0,25,No
RD00157,T0027,S013,4,0,8,25,No
RD00158,T0027,S014,4,5,7,25,No
RD00159,T0027,S015,5,0,12,25,No
RD00160,T0027,S016,1,4,9,25,No
RD00161,T0027,S017,6,3,12,25,No
RD00162,T0027,S018,1,12,1,25,No
RD00163,T0028,S001,10,0,13,45,No
RD00164,T0028,S002,6,4,15,45,No
RD00165,T0028,S003,6,6,15,45,No
RD00166,T0028,S004,8,5,18,45,No
RD00167,T0028,S005,4,4,18,45,No
RD00168,T0028,S006,0,18,0,45,No
RD00169,T0029,S025,4,0,5,25,No
RD00170,T0029,S026,1,4,2,25,No
RD00171,T0029,S027,1,0,3,25,No
RD00172,T0029,S028,4,1,6,25,No
RD00173,T0029,S029,3,3,6,25,No
RD00174,T0029,S030,3,6,3,25,No
RD00175,T0030,S019,14,0,15,45,No
RD00176,T0030,S020,4,5,14,45,No
RD00177,T0030,S021,5,7,12,45,No
RD00178,T0030,S022,5,7,10,45,No
RD00179,T0030,S023,2,1,11,45,No
RD00180,T0030,S024,1,11,1,45,No
RD00181,T0031,S001,15,0,25,45,No
RD00182,T0031,S002,2,9,18,45,No
RD00183,T0031,S003,5,5,18,45,No
RD00184,T0031,S004,12,3,27,45,No
RD00185,T0031,S005,10,0,37,45,No
RD00186,T0031,S006,1,37,10,45,No
RD00187,T0032,S013,25,0,39,70,No
RD00188,T0032,S014,9,1,47,70,No
RD00189,T0032,S015,15,0,62,70,No
RD00190,T0032,S016,26,13,75,70,Yes
RD00191,T0032,S017,6,10,71,70,Yes
RD00192,T0032,S018,2,71,2,70,No
RD00193,T0033,S007,11,0,13,70,No
RD00194,T0033,S008,29,3,39,70,No
RD00195,T0033,S009,22,1,60,70,No
RD00196,T0033,S010,4,7,57,70,No
RD00197,T0033,S011,28,9,76,70,Yes
RD00198,T0033,S012,3,76,3,70,No
RD00199,T0034,S019,27,0,33,45,No
RD00200,T0034,S020,7,5,35,45,No
RD00201,T0034,S021,9,4,40,45,No
RD00202,T0034,S022,2,2,40,45,No
RD00203,T0034,S023,8,9,39,45,No
RD00204,T0034,S024,3,39,3,45,No
RD00205,T0035,S037,10,0,21,25,No
RD00206,T0035,S038,3,3,21,25,No
RD00207,T0035,S039,9,5,25,25,No
RD00208,T0035,S040,1,4,22,25,No
RD00209,T0035,S041,6,5,23,25,No
RD00210,T0035,S042,3,23,3,25,No
RD00211,T0036,S031,7,0,11,25,No
RD00212,T0036,S032,4,2,13,25,No
RD00213,T0036,S033,2,2,13,25,No
RD00214,T0036,S034,3,0,16,25,No
RD00215,T0036,S035,2,4,14,25,No
RD00216,T0036,S036,0,14,0,25,No
RD00217,T0037,S025,5,0,11,25,No
RD00218,T0037,S026,4,0,15,25,No
RD00219,T0037,S027,3,4,14,25,No
RD00220,T0037,S028,2,4,12,25,No
RD00221,T0037,S029,1,1,12,25,No
RD00222,T0037,S030,1,12,1,25,No
RD00223,T0038,S007,6,0,11,25,No
RD00224,T0038,S008,1,5,7,25,No
RD00225,T0038,S009,10,1,16,25,No
RD00226,T0038,S010,6,3,19,25,No
RD00227,T0038,S011,3,1,21,25,No
RD00228,T0038,S012,2,21,2,25,No
RD00229,T0039,S013,11,0,22,70,No
RD00230,T0039,S014,10,5,27,70,No
RD00231,T0039,S015,32,3,56,70,No
RD00232,T0039,S016,32,2,89,70,Yes
RD00233,T0039,S017,15,3,111,70,Yes
RD00234,T0039,S018,0,111,0,70,No
RD00235,T0040,S025,18,0,24,70,No
RD00236,T0040,S026,21,2,48,70,No
RD00237,T0040,S027,10,9,49,70,No
RD00238,T0040,S028,24,13,60,70,No
RD00239,T0040,S029,26,5,81,70,Yes
RD00240,T0040,S030,2,81,2,70,No
RD00241,T0041,S025,4,0,5,25,No
RD00242,T0041,S026,4,5,4,25,No
RD00243,T0041,S027,6,3,7,25,No
RD00244,T0041,S028,2,2,7,25,No
RD00245,T0041,S029,5,5,7,25,No
RD00246,T0041,S030,4,7,4,25,No
RD00247,T0042,S013,24,0,35,70,No
RD00248,T0042,S014,12,13,34,70,No
RD00249,T0042,S015,19,11,42,70,No
RD00250,T0042,S016,1,11,32,70,No
RD00251,T0042,S017,26,9,49,70,No
RD00252,T0042,S018,4,49,16,70,No
RD00253,T0043,S031,15,0,17,25,No
RD00254,T0043,S032,11,1,27,25,Yes
RD00255,T0043,S033,3,3,27,25,Yes
RD00256,T0043,S034,4,0,31,25,Yes
RD00257,T0043,S035,3,2,32,25,Yes
RD00258,T0043,S036,0,32,0,25,No
RD00259,T0044,S001,8,0,13,25,No
RD00260,T0044,S002,3,5,11,25,No
RD00261,T0044,S003,1,3,9,25,No
RD00262,T0044,S004,2,2,9,25,No
RD00263,T0044,S005,6,1,14,25,No
RD00264,T0044,S006,0,14,0,25,No
RD00265,T0045,S001,7,0,9,25,No
RD00266,T0045,S002,1,5,15,25,No
RD00267,T0045,S003,7,5,17,25,No
RD00268,T0045,S004,8,3,22,25,No
RD00269,T0045,S005,9,2,29,25,Yes
RD00270,T0045,S006,3,29,3,25,No
RD00271,T0046,S043,8,0,12,25,No
RD00272,T0046,S044,2,5,9,25,No
RD00273,T0046,S045,4,1,12,25,No
RD00274,T0046,S046,1,0,13,25,No
RD00275,T0046,S047,1,2,12,25,No
RD00276,T0046,S048,2,12,2,25,No
RD00277,T0047,S007,4,0,11,25,No
RD00278,T0047,S008,3,3,11,25,No
RD00279,T0047,S009,2,4,9,25,No
RD00280,T0047,S010,8,4,13,25,No
RD00281,T0047,S011,11,3,21,25,No
RD00282,T0047,S012,3,21,3,25,No
RD00283,T0048,S013,8,0,8,25,No
RD00284,T0048,S014,7,1,14,25,No
RD00285,T0048,S015,9,5,18,25,No
RD00286,T0048,S016,5,2,21,25,No
RD00287,T0048,S017,7,0,28,25,Yes
RD00288,T0048,S018,3,28,3,25,No
RD00289,T0049,S001,10,0,21,70,No
RD00290,T0049,S002,31,4,48,70,No
RD00291,T0049,S003,14,0,62,70,No
RD00292,T0049,S004,6,4,64,70,No
RD00293,T0049,S005,20,1,83,70,Yes
RD00294,T0049,S006,3,83,3,70,No
RD00295,T0050,S037,15,0,23,70,No
RD00296,T0050,S038,12,6,29,70,No
RD00297,T0050,S039,24,6,47,70,No
RD00298,T0050,S040,17,0,64,70,No
RD00299,T0050,S041,15,4,75,70,Yes
RD00300,T0050,S042,4,75,8,70,No
RD00301,T0051,S013,32,0,34,70,No
RD00302,T0051,S014,15,6,43,70,No
RD00303,T0051,S015,25,13,55,70,No
RD00304,T0051,S016,31,6,80,70,Yes
RD00305,T0051,S017,31,3,108,70,Yes
RD00306,T0051,S018,3,108,3,70,No
RD00307,T0052,S031,18,0,19,70,No
RD00308,T0052,S032,17,9,27,70,No
RD00309,T0052,S033,5,12,20,70,No
RD00310,T0052,S034,15,1,34,70,No
RD00311,T0052,S035,6,2,38,70,No
RD00312,T0052,S036,1,38,1,70,No
RD00313,T0053,S019,18,0,28,70,No
RD00314,T0053,S020,28,10,46,70,No
RD00315,T0053,S021,10,13,43,70,No
RD00316,T0053,S022,21,4,60,70,No
RD00317,T0053,S023,5,14,51,70,No
RD00318,T0053,S024,4,51,4,70,No
RD00319,T0054,S043,7,0,9,25,No
RD00320,T0054,S044,10,0,19,25,No
RD00321,T0054,S045,2,3,18,25,No
RD00322,T0054,S046,10,1,27,25,Yes
RD00323,T0054,S047,2,0,29,25,Yes
RD00324,T0054,S048,0,29,0,25,No
RD00325,T0055,S031,17,0,25,45,No
RD00326,T0055,S032,13,4,34,45,No
RD00327,T0055,S033,20,9,45,45,No
RD00328,T0055,S034,9,2,52,45,Yes
RD00329,T0055,S035,20,9,63,45,Yes
RD00330,T0055,S036,3,63,11,45,No
RD00331,T0056,S037,13,0,20,70,No
RD00332,T0056,S038,18,14,24,70,No
RD00333,T0056,S039,22,0,46,70,No
RD00334,T0056,S040,20,4,62,70,No
RD00335,T0056,S041,7,7,62,70,No
RD00336,T0056,S042,1,62,1,70,No
RD00337,T0057,S031,22,0,36,70,No
RD00338,T0057,S032,11,13,34,70,No
RD00339,T0057,S033,14,4,44,70,No
RD00340,T0057,S034,3,9,38,70,No
RD00341,T0057,S035,15,3,50,70,No
RD00342,T0057,S036,1,50,1,70,No
RD00343,T0058,S025,13,0,19,45,No
RD00344,T0058,S026,6,8,17,45,No
RD00345,T0058,S027,9,0,26,45,No
RD00346,T0058,S028,2,2,26,45,No
RD00347,T0058,S029,9,4,31,45,No
RD00348,T0058,S030,3,31,3,45,No
RD00349,T0059,S001,7,0,8,25,No
RD00350,T0059,S002,1,4,5,25,No
RD00351,T0059,S003,2,1,6,25,No
RD00352,T0059,S004,1,1,6,25,No
RD00353,T0059,S005,1,1,6,25,No
RD00354,T0059,S006,3,6,3,25,No
RD00355,T0060,S007,17,0,17,45,No
RD00356,T0060,S008,12,4,25,45,No
RD00357,T0060,S009,13,8,30,45,No
RD00358,T0060,S010,1,1,30,45,No
RD00359,T0060,S011,20,7,43,45,No
RD00360,T0060,S012,3,43,3,45,No
RD00361,T0061,S001,17,0,22,45,No
RD00362,T0061,S002,3,4,21,45,No
RD00363,T0061,S003,2,6,17,45,No
RD00364,T0061,S004,7,9,15,45,No
RD00365,T0061,S005,7,3,19,45,No
RD00366,T0061,S006,3,19,3,45,No
RD00367,T0062,S019,40,0,40,70,No
RD00368,T0062,S020,12,10,42,70,No
RD00369,T0062,S021,15,0,57,70,No
RD00370,T0062,S022,20,12,65,70,No
RD00371,T0062,S023,18,11,72,70,Yes
RD00372,T0062,S024,3,72,3,70,No
RD00373,T0063,S031,26,0,40,70,No
RD00374,T0063,S032,26,4,62,70,No
RD00375,T0063,S033,33,0,95,70,Yes
RD00376,T0063,S034,24,13,106,70,Yes
RD00377,T0063,S035,19,9,116,70,Yes
RD00378,T0063,S036,0,116,0,70,No
RD00379,T0064,S025,7,0,9,25,No
RD00380,T0064,S026,5,2,12,25,No
RD00381,T0064,S027,5,5,12,25,No
RD00382,T0064,S028,4,4,12,25,No
RD00383,T0064,S029,7,4,15,25,No
RD00384,T0064,S030,1,15,1,25,No
RD00385,T0065,S025,10,0,15,25,No
RD00386,T0065,S026,7,2,20,25,No
RD00387,T0065,S027,1,5,16,25,No
RD00388,T0065,S028,4,4,16,25,No
RD00389,T0065,S029,4,5,15,25,No
RD00390,T0065,S030,3,15,3,25,No
RD00391,T0066,S013,42,0,53,70,No
RD00392,T0066,S014,12,2,63,70,No
RD00393,T0066,S015,9,7,65,70,No
RD00394,T0066,S016,12,11,66,70,No
RD00395,T0066,S017,22,14,74,70,Yes
RD00396,T0066,S018,1,74,1,70,No
RD00397,T0067,S001,15,0,26,45,No
RD00398,T0067,S002,12,5,33,45,No
RD00399,T0067,S003,15,4,44,45,No
RD00400,T0067,S004,2,7,39,45,No
RD00401,T0067,S005,19,9,49,45,Yes
RD00402,T0067,S006,0,49,0,45,No
RD00403,T0068,S043,11,0,12,25,No
RD00404,T0068,S044,7,5,14,25,No
RD00405,T0068,S045,1,3,12,25,No
RD00406,T0068,S046,3,1,14,25,No
RD00407,T0068,S047,7,2,19,25,No
RD00408,T0068,S048,3,19,3,25,No
RD00409,T0069,S013,14,0,20,25,No
RD00410,T0069,S014,8,0,28,25,Yes
RD00411,T0069,S015,6,1,33,25,Yes
RD00412,T0069,S016,8,0,41,25,Yes
RD00413,T0069,S017,10,1,50,25,Yes
RD00414,T0069,S018,3,50,3,25,No
RD00415,T0070,S019,4,0,10,25,No
RD00416,T0070,S020,11,3,18,25,No
RD00417,T0070,S021,8,3,23,25,No
RD00418,T0070,S022,9,0,32,25,Yes
RD00419,T0070,S023,1,2,31,25,Yes
RD00420,T0070,S024,4,31,4,25,No
RD00421,T0071,S013,3,0,8,25,No
RD00422,T0071,S014,4,1,11,25,No
RD00423,T0071,S015,5,2,14,25,No
RD00424,T0071,S016,9,3,20,25,No
RD00425,T0071,S017,2,1,21,25,No
RD00426,T0071,S018,2,21,2,25,No
RD00427,T0072,S043,14,0,17,25,No
RD00428,T0072,S044,6,4,19,25,No
RD00429,T0072,S045,3,5,17,25,No
RD00430,T0072,S046,6,3,20,25,No
RD00431,T0072,S047,7,1,32,25,Yes
RD00432,T0072,S048,1,32,1,25,No
RD00433,T0073,S037,42,0,42,70,No
RD00434,T0073,S038,3,5,40,70,No
RD00435,T0073,S039,17,10,47,70,No
RD00436,T0073,S040,4,9,42,70,No
RD00437,T0073,S041,7,0,49,70,No
RD00438,T0073,S042,0,49,4,70,No
RD00439,T0074,S007,10,0,13,25,No
RD00440,T0074,S008,5,4,14,25,No
RD00441,T0074,S009,4,1,17,25,No
RD00442,T0074,S010,1,5,13,25,No
RD00443,T0074,S011,2,5,10,25,No
RD00444,T0074,S012,2,10,2,25,No
RD00445,T0075,S043,36,0,40,70,No
RD00446,T0075,S044,33,1,72,70,Yes
RD00447,T0075,S045,19,1,90,70,Yes
RD00448,T0075,S046,32,1,121,70,Yes
RD00449,T0075,S047,17,3,135,70,Yes
RD00450,T0075,S048,1,135,1,70,No
RD00451,T0076,S031,5,0,8,25,No
RD00452,T0076,S032,1,1,8,25,No
RD00453,T0076,S033,4,4,8,25,No
RD00454,T0076,S034,6,1,13,25,No
RD00455,T0076,S035,3,3,13,25,No
RD00456,T0076,S036,1,13,1,25,No
RD00457,T0077,S037,6,0,6,45,No
RD00458,T0077,S038,19,0,25,45,No
RD00459,T0077,S039,3,2,26,45,No
RD00460,T0077,S040,4,1,29,45,No
RD00461,T0077,S041,15,3,41,45,No
RD00462,T0077,S042,2,41,2,45,No
RD00463,T0078,S025,4,0,4,25,No
RD00464,T0078,S026,5,0,9,25,No
RD00465,T0078,S027,6,5,10,25,No
RD00466,T0078,S028,2,0,12,25,No
RD00467,T0078,S029,1,0,13,25,No
RD00468,T0078,S030,1,13,1,25,No
RD00469,T0079,S043,27,0,41,70,No
RD00470,T0079,S044,24,1,64,70,No
RD00471,T0079,S045,8,2,70,70,No
RD00472,T0079,S046,18,7,81,70,Yes
RD00473,T0079,S047,31,11,101,70,Yes
RD00474,T0079,S048,1,101,1,70,No
RD00475,T0080,S031,23,0,24,70,No
RD00476,T0080,S032,4,2,26,70,No
RD00477,T0080,S033,16,6,36,70,No
RD00478,T0080,S034,15,12,39,70,No
RD00479,T0080,S035,13,2,50,70,No
RD00480,T0080,S036,2,50,2,70,No
RD00481,T0081,S013,3,0,7,25,No
RD00482,T0081,S014,3,5,5,25,No
RD00483,T0081,S015,2,3,4,25,No
RD00484,T0081,S016,1,3,10,25,No
RD00485,T0081,S017,11,0,21,25,No
RD00486,T0081,S018,4,21,4,25,No
RD00487,T0082,S031,8,0,9,25,No
RD00488,T0082,S032,5,2,12,25,No
RD00489,T0082,S033,6,4,14,25,No
RD00490,T0082,S034,5,5,14,25,No
RD00491,T0082,S035,4,0,18,25,No
RD00492,T0082,S036,1,18,1,25,No
RD00493,T0083,S037,17,0,24,45,No
RD00494,T0083,S038,5,6,23,45,No
RD00495,T0083,S039,20,8,40,45,No
RD00496,T0083,S040,16,8,48,45,Yes
RD00497,T0083,S041,3,2,49,45,Yes
RD00498,T0083,S042,2,49,2,45,No
RD00499,T0084,S037,10,0,18,70,No
RD00500,T0084,S038,8,8,18,70,No
RD00501,T0084,S039,13,8,23,70,No
RD00502,T0084,S040,8,6,25,70,No
RD00503,T0084,S041,15,1,39,70,No
RD00504,T0084,S042,3,39,3,70,No
RD00505,T0085,S037,7,0,13,25,No
RD00506,T0085,S038,1,3,11,25,No
RD00507,T0085,S039,4,3,12,25,No
RD00508,T0085,S040,1,2,11,25,No
RD00509,T0085,S041,6,3,14,25,No
RD00510,T0085,S042,0,14,0,25,No
RD00511,T0086,S019,35,0,38,70,No
RD00512,T0086,S020,1,8,31,70,No
RD00513,T0086,S021,20,12,39,70,No
RD00514,T0086,S022,14,8,45,70,No
RD00515,T0086,S023,22,7,60,70,No
RD00516,T0086,S024,0,60,0,70,No
RD00517,T0087,S001,16,0,23,45,No
RD00518,T0087,S002,20,9,34,45,No
RD00519,T0087,S003,15,5,44,45,No
RD00520,T0087,S004,1,3,42,45,No
RD00521,T0087,S005,18,4,56,45,Yes
RD00522,T0087,S006,0,56,5,45,No
RD00523,T0088,S013,18,0,33,70,No
RD00524,T0088,S014,27,11,49,70,No
RD00525,T0088,S015,13,9,53,70,No
RD00526,T0088,S016,26,14,65,70,No
RD00527,T0088,S017,13,13,65,70,No
RD00528,T0088,S018,0,65,0,70,No
RD00529,T0089,S001,8,0,8,25,No
RD00530,T0089,S002,5,5,8,25,No
RD00531,T0089,S003,4,0,12,25,No
RD00532,T0089,S004,6,3,15,25,No
RD00533,T0089,S005,5,4,16,25,No
RD00534,T0089,S006,1,16,1,25,No
RD00535,T0090,S031,3,0,6,25,No
RD00536,T0090,S032,9,0,15,25,No
RD00537,T0090,S033,8,4,19,25,No
RD00538,T0090,S034,10,1,28,25,Yes
RD00539,T0090,S035,2,1,29,25,Yes
RD00540,T0090,S036,4,29,4,25,No
RD00541,T0091,S025,7,0,9,25,No
RD00542,T0091,S026,4,3,10,25,No
RD00543,T0091,S027,6,4,12,25,No
RD00544,T0091,S028,3,1,14,25,No
RD00545,T0091,S029,3,3,14,25,No
RD00546,T0091,S030,2,14,2,25,No
RD00547,T0092,S001,18,0,32,70,No
RD00548,T0092,S002,33,9,56,70,No
RD00549,T0092,S003,21,11,66,70,No
RD00550,T0092,S004,14,14,66,70,No
RD00551,T0092,S005,19,9,76,70,Yes
RD00552,T0092,S006,1,76,1,70,No
RD00553,T0093,S001,4,0,9,25,No
RD00554,T0093,S002,5,4,10,25,No
RD00555,T0093,S003,6,5,11,25,No
RD00556,T0093,S004,6,2,15,25,No
RD00557,T0093,S005,3,0,18,25,No
RD00558,T0093,S006,4,18,4,25,No
RD00559,T0094,S019,24,0,31,45,No
RD00560,T0094,S020,18,6,43,45,No
RD00561,T0094,S021,1,6,38,45,No
RD00562,T0094,S022,13,0,51,45,Yes
RD00563,T0094,S023,7,0,58,45,Yes
RD00564,T0094,S024,1,58,1,45,No
RD00565,T0095,S019,7,0,12,25,No
RD00566,T0095,S020,5,0,17,25,No
RD00567,T0095,S021,1,4,14,25,No
RD00568,T0095,S022,2,3,13,25,No
RD00569,T0095,S023,9,5,17,25,No
RD00570,T0095,S024,4,17,4,25,No
RD00571,T0096,S007,15,0,19,25,No
RD00572,T0096,S008,5,5,19,25,No
RD00573,T0096,S009,7,0,26,25,Yes
RD00574,T0096,S010,6,5,27,25,Yes
RD00575,T0096,S011,1,0,28,25,Yes
RD00576,T0096,S012,1,28,1,25,No
RD00577,T0097,S007,9,0,16,45,No
RD00578,T0097,S008,10,5,21,45,No
RD00579,T0097,S009,10,8,23,45,No
RD00580,T0097,S010,4,3,24,45,No
RD00581,T0097,S011,8,4,28,45,No
RD00582,T0097,S012,1,28,1,45,No
RD00583,T0098,S037,8,0,18,45,No
RD00584,T0098,S038,17,2,33,45,No
RD00585,T0098,S039,14,0,47,45,Yes
RD00586,T0098,S040,5,4,48,45,Yes
RD00587,T0098,S041,1,4,45,45,No
RD00588,T0098,S042,1,45,9,45,No
RD00589,T0099,S019,3,0,7,25,No
RD00590,T0099,S020,10,5,12,25,No
RD00591,T0099,S021,8,2,18,25,No
RD00592,T0099,S022,6,4,28,25,Yes
RD00593,T0099,S023,4,4,28,25,Yes
RD00594,T0099,S024,4,28,15,25,No
RD00595,T0100,S001,16,0,21,70,No
RD00596,T0100,S002,18,8,31,70,No
RD00597,T0100,S003,3,6,28,70,No
RD00598,T0100,S004,8,5,31,70,No
RD00599,T0100,S005,7,14,24,70,No
RD00600,T0100,S006,2,24,2,70,No
RD00601,T0101,S007,8,0,10,25,No
RD00602,T0101,S008,9,4,15,25,No
RD00603,T0101,S009,11,4,30,25,Yes
RD00604,T0101,S010,4,3,31,25,Yes
RD00605,T0101,S011,10,4,37,25,Yes
RD00606,T0101,S012,0,37,0,25,No
RD00607,T0102,S031,34,0,44,70,No
RD00608,T0102,S032,25,1,68,70,No
RD00609,T0102,S033,19,11,87,70,Yes
RD00610,T0102,S034,24,13,98,70,Yes
RD00611,T0102,S035,29,8,119,70,Yes
RD00612,T0102,S036,2,119,2,70,No
RD00613,T0103,S013,8,0,9,25,No
RD00614,T0103,S014,3,0,12,25,No
RD00615,T0103,S015,9,4,21,25,No
RD00616,T0103,S016,11,1,31,25,Yes
RD00617,T0103,S017,11,1,41,25,Yes
RD00618,T0103,S018,0,41,0,25,No
RD00619,T0104,S043,14,0,20,25,No
RD00620,T0104,S044,7,5,22,25,No
RD00621,T0104,S045,11,0,33,25,Yes
RD00622,T0104,S046,6,3,40,25,Yes
RD00623,T0104,S047,3,0,43,25,Yes
RD00624,T0104,S048,4,43,10,25,No
RD00625,T0105,S025,36,0,44,70,No
RD00626,T0105,S026,26,10,60,70,No
RD00627,T0105,S027,25,0,85,70,Yes
RD00628,T0105,S028,1,8,78,70,Yes
RD00629,T0105,S029,5,9,74,70,Yes
RD00630,T0105,S030,4,74,8,70,No
RD00631,T0106,S043,22,0,27,45,No
RD00632,T0106,S044,20,4,43,45,No
RD00633,T0106,S045,13,7,49,45,Yes
RD00634,T0106,S046,16,0,65,45,Yes
RD00635,T0106,S047,5,3,67,45,Yes
RD00636,T0106,S048,4,67,4,45,No
RD00637,T0107,S001,29,0,33,70,No
RD00638,T0107,S002,24,14,43,70,No
RD00639,T0107,S003,10,0,53,70,No
RD00640,T0107,S004,26,0,79,70,Yes
RD00641,T0107,S005,20,1,98,70,Yes
RD00642,T0107,S006,2,98,2,70,No
RD00643,T0108,S031,19,0,35,70,No
RD00644,T0108,S032,17,3,49,70,No
RD00645,T0108,S033,4,2,51,70,No
RD00646,T0108,S034,30,14,67,70,No
RD00647,T0108,S035,19,1,85,70,Yes
RD00648,T0108,S036,2,85,2,70,No
RD00649,T0109,S001,12,0,17,25,No
RD00650,T0109,S002,6,2,21,25,No
RD00651,T0109,S003,4,5,20,25,No
RD00652,T0109,S004,2,4,18,25,No
RD00653,T0109,S005,8,2,24,25,No
RD00654,T0109,S006,4,24,4,25,No
RD00655,T0110,S019,24,0,35,45,No
RD00656,T0110,S020,12,9,38,45,No
RD00657,T0110,S021,6,6,44,45,No
RD00658,T0110,S022,21,3,62,45,Yes
RD00659,T0110,S023,5,5,62,45,Yes
RD00660,T0110,S024,2,62,2,45,No
RD00661,T0111,S043,38,0,52,70,No
RD00662,T0111,S044,32,4,80,70,Yes
RD00663,T0111,S045,6,2,84,70,Yes
RD00664,T0111,S046,9,13,80,70,Yes
RD00665,T0111,S047,17,3,94,70,Yes
RD00666,T0111,S048,0,94,0,70,No
RD00667,T0112,S031,23,0,23,70,No
RD00668,T0112,S032,1,8,16,70,No
RD00669,T0112,S033,13,13,16,70,No
RD00670,T0112,S034,7,12,11,70,No
RD00671,T0112,S035,18,0,29,70,No
RD00672,T0112,S036,2,29,2,70,No
RD00673,T0113,S031,18,0,35,70,No
RD00674,T0113,S032,5,7,33,70,No
RD00675,T0113,S033,13,5,41,70,No
RD00676,T0113,S034,10,3,48,70,No
RD00677,T0113,S035,15,2,61,70,No
RD00678,T0113,S036,4,61,4,70,No
RD00679,T0114,S019,15,0,31,70,No
RD00680,T0114,S020,1,8,24,70,No
RD00681,T0114,S021,11,13,22,70,No
RD00682,T0114,S022,29,2,49,70,No
RD00683,T0114,S023,10,9,50,70,No
RD00684,T0114,S024,3,50,3,70,No
RD00685,T0115,S013,6,0,6,25,No
RD00686,T0115,S014,2,1,7,25,No
RD00687,T0115,S015,1,1,7,25,No
RD00688,T0115,S016,6,4,9,25,No
RD00689,T0115,S017,1,3,15,25,No
RD00690,T0115,S018,0,15,0,25,No
RD00691,T0116,S025,13,0,17,25,No
RD00692,T0116,S026,5,5,17,25,No
RD00693,T0116,S027,3,4,16,25,No
RD00694,T0116,S028,6,3,19,25,No
RD00695,T0116,S029,9,0,28,25,Yes
RD00696,T0116,S030,1,28,1,25,No
RD00697,T0117,S031,17,0,22,45,No
RD00698,T0117,S032,20,7,40,45,No
RD00699,T0117,S033,6,7,39,45,No
RD00700,T0117,S034,21,8,52,45,Yes
RD00701,T0117,S035,6,2,56,45,Yes
RD00702,T0117,S036,4,56,4,45,No
RD00703,T0118,S001,13,0,13,25,No
RD00704,T0118,S002,2,2,13,25,No
RD00705,T0118,S003,8,3,18,25,No
RD00706,T0118,S004,11,1,28,25,Yes
RD00707,T0118,S005,4,0,44,25,Yes
RD00708,T0118,S006,4,44,4,25,No
RD00709,T0119,S043,11,0,28,25,Yes
RD00710,T0119,S044,1,1,28,25,Yes
RD00711,T0119,S045,9,1,36,25,Yes
RD00712,T0119,S046,10,4,42,25,Yes
RD00713,T0119,S047,11,5,48,25,Yes
RD00714,T0119,S048,0,48,0,25,No
RD00715,T0120,S013,23,0,38,70,No
RD00716,T0120,S014,6,7,37,70,No
RD00717,T0120,S015,14,3,48,70,No
RD00718,T0120,S016,5,9,44,70,No
RD00719,T0120,S017,6,12,38,70,No
RD00720,T0120,S018,4,38,4,70,No
RD00721,T0121,S007,14,0,24,45,No
RD00722,T0121,S008,3,4,23,45,No
RD00723,T0121,S009,8,5,26,45,No
RD00724,T0121,S010,10,9,27,45,No
RD00725,T0121,S011,4,1,30,45,No
RD00726,T0121,S012,3,30,3,45,No
RD00727,T0122,S013,10,0,16,45,No
RD00728,T0122,S014,17,3,30,45,No
RD00729,T0122,S015,14,8,36,45,No
RD00730,T0122,S016,4,9,31,45,No
RD00731,T0122,S017,20,9,53,45,Yes
RD00732,T0122,S018,4,53,4,45,No
RD00733,T0123,S007,10,0,10,25,No
RD00734,T0123,S008,9,4,15,25,No
RD00735,T0123,S009,11,5,21,25,No
RD00736,T0123,S010,6,3,24,25,No
RD00737,T0123,S011,9,5,28,25,Yes
RD00738,T0123,S012,3,28,3,25,No
RD00739,T0124,S019,5,0,8,25,No
RD00740,T0124,S020,6,4,10,25,No
RD00741,T0124,S021,5,5,10,25,No
RD00742,T0124,S022,4,0,14,25,No
RD00743,T0124,S023,3,1,16,25,No
RD00744,T0124,S024,3,16,3,25,No
RD00745,T0125,S025,4,0,10,25,No
RD00746,T0125,S026,3,0,13,25,No
RD00747,T0125,S027,5,4,14,25,No
RD00748,T0125,S028,3,3,14,25,No
RD00749,T0125,S029,1,1,14,25,No
RD00750,T0125,S030,0,14,0,25,No
RD00751,T0126,S007,11,0,15,25,No
RD00752,T0126,S008,7,0,22,25,No
RD00753,T0126,S009,6,5,23,25,No
RD00754,T0126,S010,3,0,26,25,Yes
RD00755,T0126,S011,5,4,27,25,Yes
RD00756,T0126,S012,4,27,4,25,No
RD00757,T0127,S007,25,0,30,45,No
RD00758,T0127,S008,7,6,31,45,No
RD00759,T0127,S009,16,8,39,45,No
RD00760,T0127,S010,18,8,49,45,Yes
RD00761,T0127,S011,19,4,64,45,Yes
RD00762,T0127,S012,3,64,3,45,No
RD00763,T0128,S043,9,0,19,45,No
RD00764,T0128,S044,6,7,18,45,No
RD00765,T0128,S045,13,8,23,45,No
RD00766,T0128,S046,20,8,35,45,No
RD00767,T0128,S047,6,0,41,45,No
RD00768,T0128,S048,0,41,0,45,No
RD00769,T0129,S025,13,0,15,45,No
RD00770,T0129,S026,7,9,13,45,No
RD00771,T0129,S027,2,1,14,45,No
RD00772,T0129,S028,4,4,14,45,No
RD00773,T0129,S029,2,5,11,45,No
RD00774,T0129,S030,4,11,4,45,No
RD00775,T0130,S019,14,0,14,25,No
RD00776,T0130,S020,10,3,21,25,No
RD00777,T0130,S021,10,2,34,25,Yes
RD00778,T0130,S022,8,5,37,25,Yes
RD00779,T0130,S023,11,1,47,25,Yes
RD00780,T0130,S024,4,47,4,25,No
RD00781,T0131,S013,42,0,43,70,No
RD00782,T0131,S014,11,3,51,70,No
RD00783,T0131,S015,16,5,62,70,No
RD00784,T0131,S016,6,2,66,70,No
RD00785,T0131,S017,26,12,80,70,Yes
RD00786,T0131,S018,3,80,3,70,No
RD00787,T0132,S025,7,0,8,25,No
RD00788,T0132,S026,6,0,14,25,No
RD00789,T0132,S027,1,5,10,25,No
RD00790,T0132,S028,5,0,15,25,No
RD00791,T0132,S029,6,2,19,25,No
RD00792,T0132,S030,4,19,4,25,No
RD00793,T0133,S037,15,0,26,70,No
RD00794,T0133,S038,9,13,22,70,No
RD00795,T0133,S039,7,3,26,70,No
RD00796,T0133,S040,13,7,32,70,No
RD00797,T0133,S041,1,9,24,70,No
RD00798,T0133,S042,2,24,2,70,No
RD00799,T0134,S037,19,0,21,45,No
RD00800,T0134,S038,3,8,16,45,No
RD00801,T0134,S039,4,5,15,45,No
RD00802,T0134,S040,18,4,29,45,No
RD00803,T0134,S041,9,9,29,45,No
RD00804,T0134,S042,3,29,3,45,No
RD00805,T0135,S007,6,0,12,25,No
RD00806,T0135,S008,11,3,20,25,No
RD00807,T0135,S009,1,4,17,25,No
RD00808,T0135,S010,2,2,17,25,No
RD00809,T0135,S011,11,1,27,25,Yes
RD00810,T0135,S012,2,27,2,25,No
RD00811,T0136,S025,22,0,27,45,No
RD00812,T0136,S026,8,4,31,45,No
RD00813,T0136,S027,11,6,41,45,No
RD00814,T0136,S028,11,7,45,45,No
RD00815,T0136,S029,9,9,45,45,No
RD00816,T0136,S030,1,45,1,45,No
RD00817,T0137,S043,4,0,5,25,No
RD00818,T0137,S044,2,5,2,25,No
RD00819,T0137,S045,2,1,3,25,No
RD00820,T0137,S046,2,1,4,25,No
RD00821,T0137,S047,5,1,8,25,No
RD00822,T0137,S048,2,8,2,25,No
RD00823,T0138,S043,15,0,16,25,No
RD00824,T0138,S044,11,0,27,25,Yes
RD00825,T0138,S045,10,3,45,25,Yes
RD00826,T0138,S046,8,0,53,25,Yes
RD00827,T0138,S047,8,2,59,25,Yes
RD00828,T0138,S048,4,59,4,25,No
RD00829,T0139,S031,5,0,8,25,No
RD00830,T0139,S032,5,4,9,25,No
RD00831,T0139,S033,3,4,17,25,No
RD00832,T0139,S034,9,3,31,25,Yes
RD00833,T0139,S035,11,3,39,25,Yes
RD00834,T0139,S036,3,39,3,25,No
RD00835,T0140,S037,22,0,33,45,No
RD00836,T0140,S038,1,0,34,45,No
RD00837,T0140,S039,19,6,47,45,Yes
RD00838,T0140,S040,20,5,62,45,Yes
RD00839,T0140,S041,18,2,78,45,Yes
RD00840,T0140,S042,2,78,2,45,No
RD00841,T0141,S007,33,0,43,70,No
RD00842,T0141,S008,14,6,51,70,No
RD00843,T0141,S009,24,12,63,70,No
RD00844,T0141,S010,18,6,75,70,Yes
RD00845,T0141,S011,9,9,75,70,Yes
RD00846,T0141,S012,1,75,1,70,No
RD00847,T0142,S001,5,0,10,25,No
RD00848,T0142,S002,5,1,14,25,No
RD00849,T0142,S003,4,3,15,25,No
RD00850,T0142,S004,2,1,16,25,No
RD00851,T0142,S005,2,5,13,25,No
RD00852,T0142,S006,3,13,3,25,No
RD00853,T0143,S001,3,0,9,25,No
RD00854,T0143,S002,3,3,9,25,No
RD00855,T0143,S003,9,5,13,25,No
RD00856,T0143,S004,8,2,19,25,No
RD00857,T0143,S005,10,4,29,25,Yes
RD00858,T0143,S006,1,29,8,25,No
RD00859,T0144,S019,16,0,31,70,No
RD00860,T0144,S020,17,5,43,70,No
RD00861,T0144,S021,17,8,52,70,No
RD00862,T0144,S022,8,6,54,70,No
RD00863,T0144,S023,13,10,57,70,No
RD00864,T0144,S024,4,57,4,70,No
RD00865,T0145,S043,17,0,21,45,No
RD00866,T0145,S044,16,8,29,45,No
RD00867,T0145,S045,3,7,25,45,No
RD00868,T0145,S046,15,4,36,45,No
RD00869,T0145,S047,6,2,40,45,No
RD00870,T0145,S048,2,40,2,45,No
RD00871,T0146,S013,24,0,33,45,No
RD00872,T0146,S014,3,1,35,45,No
RD00873,T0146,S015,11,3,43,45,No
RD00874,T0146,S016,9,4,48,45,Yes
RD00875,T0146,S017,9,6,51,45,Yes
RD00876,T0146,S018,2,51,2,45,No
RD00877,T0147,S007,10,0,14,25,No
RD00878,T0147,S008,1,1,14,25,No
RD00879,T0147,S009,11,1,24,25,No
RD00880,T0147,S010,2,5,21,25,No
RD00881,T0147,S011,2,3,20,25,No
RD00882,T0147,S012,3,20,3,25,No
RD00883,T0148,S013,35,0,35,70,No
RD00884,T0148,S014,7,1,41,70,No
RD00885,T0148,S015,6,2,45,70,No
RD00886,T0148,S016,25,14,56,70,No
RD00887,T0148,S017,19,3,72,70,Yes
RD00888,T0148,S018,1,72,1,70,No
RD00889,T0149,S025,4,0,10,25,No
RD00890,T0149,S026,1,0,11,25,No
RD00891,T0149,S027,3,5,9,25,No
RD00892,T0149,S028,4,2,11,25,No
RD00893,T0149,S029,5,3,13,25,No
RD00894,T0149,S030,2,13,2,25,No
RD00895,T0150,S037,10,0,14,25,No
RD00896,T0150,S038,9,5,18,25,No
RD00897,T0150,S039,8,4,22,25,No
RD00898,T0150,S040,10,5,27,25,Yes
RD00899,T0150,S041,11,5,33,25,Yes
RD00900,T0150,S042,2,33,2,25,No
RD00901,T0151,S013,15,0,16,25,No
RD00902,T0151,S014,6,2,20,25,No
RD00903,T0151,S015,5,1,35,25,Yes
RD00904,T0151,S016,6,1,40,25,Yes
RD00905,T0151,S017,1,4,37,25,Yes
RD00906,T0151,S018,3,37,3,25,No
RD00907,T0152,S025,15,0,31,45,No
RD00908,T0152,S026,20,4,47,45,Yes
RD00909,T0152,S027,18,0,65,45,Yes
RD00910,T0152,S028,18,6,77,45,Yes
RD00911,T0152,S029,6,3,80,45,Yes
RD00912,T0152,S030,3,80,3,45,No
RD00913,T0153,S043,5,0,6,25,No
RD00914,T0153,S044,4,0,10,25,No
RD00915,T0153,S045,2,5,7,25,No
RD00916,T0153,S046,5,4,8,25,No
RD00917,T0153,S047,6,5,9,25,No
RD00918,T0153,S048,2,9,2,25,No
RD00919,T0154,S037,13,0,15,25,No
RD00920,T0154,S038,7,2,20,25,No
RD00921,T0154,S039,3,0,23,25,No
RD00922,T0154,S040,11,0,34,25,Yes
RD00923,T0154,S041,5,3,36,25,Yes
RD00924,T0154,S042,3,36,3,25,No
RD00925,T0155,S019,10,0,21,45,No
RD00926,T0155,S020,6,0,27,45,No
RD00927,T0155,S021,9,4,32,45,No
RD00928,T0155,S022,1,7,26,45,No
RD00929,T0155,S023,1,2,25,45,No
RD00930,T0155,S024,2,25,2,45,No
RD00931,T0156,S037,17,0,24,45,No
RD00932,T0156,S038,11,0,35,45,No
RD00933,T0156,S039,2,2,35,45,No
RD00934,T0156,S040,3,6,32,45,No
RD00935,T0156,S041,7,2,37,45,No
RD00936,T0156,S042,2,37,2,45,No
RD00937,T0157,S013,17,0,17,70,No
RD00938,T0157,S014,16,11,22,70,No
RD00939,T0157,S015,16,7,31,70,No
RD00940,T0157,S016,13,0,44,70,No
RD00941,T0157,S017,7,12,39,70,No
RD00942,T0157,S018,1,39,1,70,No
RD00943,T0158,S043,7,0,12,25,No
RD00944,T0158,S044,11,1,22,25,No
RD00945,T0158,S045,9,5,26,25,Yes
RD00946,T0158,S046,8,2,32,25,Yes
RD00947,T0158,S047,6,1,37,25,Yes
RD00948,T0158,S048,1,37,1,25,No
RD00949,T0159,S013,13,0,14,25,No
RD00950,T0159,S014,3,0,17,25,No
RD00951,T0159,S015,2,4,15,25,No
RD00952,T0159,S016,1,1,15,25,No
RD00953,T0159,S017,8,4,19,25,No
RD00954,T0159,S018,1,19,1,25,No
RD00955,T0160,S025,25,0,27,70,No
RD00956,T0160,S026,22,1,48,70,No
RD00957,T0160,S027,4,12,45,70,No
RD00958,T0160,S028,7,11,41,70,No
RD00959,T0160,S029,21,3,59,70,No
RD00960,T0160,S030,2,59,2,70,No
RD00961,T0161,S007,14,0,17,25,No
RD00962,T0161,S008,7,5,19,25,No
RD00963,T0161,S009,5,1,23,25,No
RD00964,T0161,S010,8,3,28,25,Yes
RD00965,T0161,S011,8,4,32,25,Yes
RD00966,T0161,S012,1,32,1,25,No
RD00967,T0162,S043,14,0,16,25,No
RD00968,T0162,S044,9,4,21,25,No
RD00969,T0162,S045,3,4,20,25,No
RD00970,T0162,S046,9,2,27,25,Yes
RD00971,T0162,S047,11,0,38,25,Yes
RD00972,T0162,S048,1,38,1,25,No
RD00973,T0163,S019,25,0,36,70,No
RD00974,T0163,S020,25,1,60,70,No
RD00975,T0163,S021,32,10,82,70,Yes
RD00976,T0163,S022,19,2,99,70,Yes
RD00977,T0163,S023,21,10,110,70,Yes
RD00978,T0163,S024,4,110,4,70,No
RD00979,T0164,S007,5,0,5,25,No
RD00980,T0164,S008,4,0,9,25,No
RD00981,T0164,S009,2,1,19,25,No
RD00982,T0164,S010,8,5,22,25,No
RD00983,T0164,S011,10,5,27,25,Yes
RD00984,T0164,S012,2,27,2,25,No
RD00985,T0165,S043,8,0,25,45,No
RD00986,T0165,S044,3,7,21,45,No
RD00987,T0165,S045,12,0,33,45,No
RD00988,T0165,S046,12,6,39,45,No
RD00989,T0165,S047,20,0,59,45,Yes
RD00990,T0165,S048,0,59,0,45,No
RD00991,T0166,S025,11,0,20,70,No
RD00992,T0166,S026,17,3,34,70,No
RD00993,T0166,S027,4,1,37,70,No
RD00994,T0166,S028,8,11,34,70,No
RD00995,T0166,S029,13,8,39,70,No
RD00996,T0166,S030,1,39,1,70,No
RD00997,T0167,S037,22,0,25,45,No
RD00998,T0167,S038,21,9,37,45,No
RD00999,T0167,S039,18,8,47,45,Yes
RD01000,T0167,S040,21,1,67,45,Yes
RD01001,T0167,S041,14,7,74,45,Yes
RD01002,T0167,S042,1,74,1,45,No
RD01003,T0168,S037,35,0,52,70,No
RD01004,T0168,S038,11,10,53,70,No
RD01005,T0168,S039,29,9,73,70,Yes
RD01006,T0168,S040,21,14,80,70,Yes
RD01007,T0168,S041,24,5,99,70,Yes
RD01008,T0168,S042,3,99,3,70,No
RD01009,T0169,S013,12,0,14,25,No
RD01010,T0169,S014,4,4,14,25,No
RD01011,T0169,S015,5,4,15,25,No
RD01012,T0169,S016,8,3,20,25,No
RD01013,T0169,S017,1,0,21,25,No
RD01014,T0169,S018,4,21,9,25,No
RD01015,T0170,S043,6,0,10,45,No
RD01016,T0170,S044,7,3,14,45,No
RD01017,T0170,S045,9,0,23,45,No
RD01018,T0170,S046,18,8,33,45,No
RD01019,T0170,S047,5,9,29,45,No
RD01020,T0170,S048,3,29,3,45,No
RD01021,T0171,S043,26,0,30,70,No
RD01022,T0171,S044,16,9,37,70,No
RD01023,T0171,S045,20,12,45,70,No
RD01024,T0171,S046,14,6,53,70,No
RD01025,T0171,S047,21,11,63,70,No
RD01026,T0171,S048,1,63,1,70,No
RD01027,T0172,S025,14,0,19,25,No
RD01028,T0172,S026,10,0,29,25,Yes
RD01029,T0172,S027,10,0,39,25,Yes
RD01030,T0172,S028,6,0,45,25,Yes
RD01031,T0172,S029,7,3,49,25,Yes
RD01032,T0172,S030,0,49,0,25,No
RD01033,T0173,S019,26,0,29,45,No
RD01034,T0173,S020,21,0,50,45,Yes
RD01035,T0173,S021,2,6,46,45,Yes
RD01036,T0173,S022,11,0,57,45,Yes
RD01037,T0173,S023,11,2,66,45,Yes
RD01038,T0173,S024,1,66,1,45,No
RD01039,T0174,S037,38,0,50,70,No
RD01040,T0174,S038,33,9,74,70,Yes
RD01041,T0174,S039,19,6,87,70,Yes
RD01042,T0174,S040,9,2,94,70,Yes
RD01043,T0174,S041,4,7,91,70,Yes
RD01044,T0174,S042,2,91,2,70,No
RD01045,T0175,S001,16,0,32,70,No
RD01046,T0175,S002,5,12,25,70,No
RD01047,T0175,S003,5,12,18,70,No
RD01048,T0175,S004,18,7,29,70,No
RD01049,T0175,S005,16,3,42,70,No
RD01050,T0175,S006,3,42,3,70,No
RD01051,T0176,S031,12,0,17,25,No
RD01052,T0176,S032,9,4,22,25,No
RD01053,T0176,S033,5,0,27,25,Yes
RD01054,T0176,S034,11,2,36,25,Yes
RD01055,T0176,S035,2,0,38,25,Yes
RD01056,T0176,S036,3,38,3,25,No
RD01057,T0177,S013,30,0,36,70,No
RD01058,T0177,S014,2,10,28,70,No
RD01059,T0177,S015,23,2,49,70,No
RD01060,T0177,S016,29,12,66,70,No
RD01061,T0177,S017,3,7,62,70,No
RD01062,T0177,S018,1,62,1,70,No
RD01063,T0178,S001,10,0,15,45,No
RD01064,T0178,S002,4,1,18,45,No
RD01065,T0178,S003,20,3,35,45,No
RD01066,T0178,S004,1,4,32,45,No
RD01067,T0178,S005,10,1,41,45,No
RD01068,T0178,S006,0,41,0,45,No
RD01069,T0179,S025,13,0,30,70,No
RD01070,T0179,S026,18,3,45,70,No
RD01071,T0179,S027,9,8,46,70,No
RD01072,T0179,S028,16,8,54,70,No
RD01073,T0179,S029,5,9,50,70,No
RD01074,T0179,S030,0,50,0,70,No
RD01075,T0180,S031,12,0,15,25,No
RD01076,T0180,S032,1,4,12,25,No
RD01077,T0180,S033,5,0,17,25,No
RD01078,T0180,S034,10,5,22,25,No
RD01079,T0180,S035,11,3,30,25,Yes
RD01080,T0180,S036,0,30,0,25,No
RD01081,T0181,S025,11,0,15,45,No
RD01082,T0181,S026,1,1,15,45,No
RD01083,T0181,S027,11,4,22,45,No
RD01084,T0181,S028,4,6,20,45,No
RD01085,T0181,S029,9,6,23,45,No
RD01086,T0181,S030,0,23,0,45,No
RD01087,T0182,S007,10,0,12,25,No
RD01088,T0182,S008,2,4,10,25,No
RD01089,T0182,S009,8,4,14,25,No
RD01090,T0182,S010,1,5,21,25,No
RD01091,T0182,S011,6,2,25,25,No
RD01092,T0182,S012,1,25,9,25,No
RD01093,T0183,S037,13,0,15,25,No
RD01094,T0183,S038,5,4,16,25,No
RD01095,T0183,S039,5,5,16,25,No
RD01096,T0183,S040,9,0,25,25,No
RD01097,T0183,S041,3,1,27,25,Yes
RD01098,T0183,S042,3,27,3,25,No
RD01099,T0184,S007,14,0,14,25,No
RD01100,T0184,S008,10,5,19,25,No
RD01101,T0184,S009,4,5,18,25,No
RD01102,T0184,S010,3,4,17,25,No
RD01103,T0184,S011,10,2,25,25,No
RD01104,T0184,S012,4,25,4,25,No
RD01105,T0185,S025,10,0,20,45,No
RD01106,T0185,S026,5,3,22,45,No
RD01107,T0185,S027,5,8,19,45,No
RD01108,T0185,S028,21,2,38,45,No
RD01109,T0185,S029,11,2,58,45,Yes
RD01110,T0185,S030,0,58,0,45,No
RD01111,T0186,S001,21,0,25,70,No
RD01112,T0186,S002,11,0,36,70,No
RD01113,T0186,S003,14,14,36,70,No
RD01114,T0186,S004,10,6,40,70,No
RD01115,T0186,S005,9,7,42,70,No
RD01116,T0186,S006,1,42,1,70,No
RD01117,T0187,S019,16,0,22,70,No
RD01118,T0187,S020,18,0,40,70,No
RD01119,T0187,S021,15,9,46,70,No
RD01120,T0187,S022,2,3,45,70,No
RD01121,T0187,S023,31,11,65,70,No
RD01122,T0187,S024,4,65,4,70,No
RD01123,T0188,S037,8,0,13,25,No
RD01124,T0188,S038,8,3,18,25,No
RD01125,T0188,S039,4,1,21,25,No
RD01126,T0188,S040,1,3,19,25,No
RD01127,T0188,S041,4,3,20,25,No
RD01128,T0188,S042,1,20,1,25,No
RD01129,T0189,S025,21,0,23,70,No
RD01130,T0189,S026,32,7,48,70,No
RD01131,T0189,S027,30,13,65,70,No
RD01132,T0189,S028,26,6,85,70,Yes
RD01133,T0189,S029,25,9,101,70,Yes
RD01134,T0189,S030,3,101,3,70,No
RD01135,T0190,S037,24,0,35,45,No
RD01136,T0190,S038,21,8,48,45,Yes
RD01137,T0190,S039,17,0,65,45,Yes
RD01138,T0190,S040,2,7,60,45,Yes
RD01139,T0190,S041,17,3,74,45,Yes
RD01140,T0190,S042,0,74,0,45,No
RD01141,T0191,S007,26,0,34,45,No
RD01142,T0191,S008,10,3,41,45,No
RD01143,T0191,S009,10,4,47,45,Yes
RD01144,T0191,S010,10,6,51,45,Yes
RD01145,T0191,S011,17,0,68,45,Yes
RD01146,T0191,S012,3,68,3,45,No
RD01147,T0192,S043,4,0,7,25,No
RD01148,T0192,S044,3,0,10,25,No
RD01149,T0192,S045,9,5,14,25,No
RD01150,T0192,S046,6,3,17,25,No
RD01151,T0192,S047,8,1,24,25,No
RD01152,T0192,S048,1,24,1,25,No
RD01153,T0193,S031,5,0,5,25,No
RD01154,T0193,S032,6,2,9,25,No
RD01155,T0193,S033,6,5,10,25,No
RD01156,T0193,S034,6,1,15,25,No
RD01157,T0193,S035,1,5,11,25,No
RD01158,T0193,S036,0,11,0,25,No
RD01159,T0194,S007,8,0,8,25,No
RD01160,T0194,S008,6,3,11,25,No
RD01161,T0194,S009,1,2,10,25,No
RD01162,T0194,S010,6,4,12,25,No
RD01163,T0194,S011,6,3,15,25,No
RD01164,T0194,S012,4,15,4,25,No
RD01165,T0195,S019,34,0,39,70,No
RD01166,T0195,S020,11,0,50,70,No
RD01167,T0195,S021,10,9,51,70,No
RD01168,T0195,S022,12,2,61,70,No
RD01169,T0195,S023,27,0,88,70,Yes
RD01170,T0195,S024,3,88,3,70,No
RD01171,T0196,S013,17,0,22,70,No
RD01172,T0196,S014,1,3,20,70,No
RD01173,T0196,S015,1,4,17,70,No
RD01174,T0196,S016,32,13,36,70,No
RD01175,T0196,S017,32,0,68,70,No
RD01176,T0196,S018,4,68,4,70,No
RD01177,T0197,S019,19,0,26,45,No
RD01178,T0197,S020,20,9,48,45,Yes
RD01179,T0197,S021,20,4,64,45,Yes
RD01180,T0197,S022,2,3,63,45,Yes
RD01181,T0197,S023,21,0,84,45,Yes
RD01182,T0197,S024,1,84,1,45,No
RD01183,T0198,S001,15,0,24,70,No
RD01184,T0198,S002,3,14,13,70,No
RD01185,T0198,S003,4,0,17,70,No
RD01186,T0198,S004,6,6,17,70,No
RD01187,T0198,S005,10,2,25,70,No
RD01188,T0198,S006,4,25,4,70,No
RD01189,T0199,S025,21,0,38,70,No
RD01190,T0199,S026,24,11,51,70,No
RD01191,T0199,S027,20,1,70,70,No
RD01192,T0199,S028,25,14,81,70,Yes
RD01193,T0199,S029,28,12,97,70,Yes
RD01194,T0199,S030,0,97,0,70,No
RD01195,T0200,S019,9,0,11,45,No
RD01196,T0200,S020,11,4,18,45,No
RD01197,T0200,S021,7,8,17,45,No
RD01198,T0200,S022,2,9,10,45,No
RD01199,T0200,S023,3,8,5,45,No
RD01200,T0200,S024,4,5,4,45,No
RD01201,T0201,S001,10,0,21,45,No
RD01202,T0201,S002,10,6,25,45,No
RD01203,T0201,S003,5,5,25,45,No
RD01204,T0201,S004,10,8,27,45,No
RD01205,T0201,S005,6,9,24,45,No
RD01206,T0201,S006,1,24,1,45,No
RD01207,T0202,S031,12,0,16,25,No
RD01208,T0202,S032,11,5,22,25,No
RD01209,T0202,S033,10,1,31,25,Yes
RD01210,T0202,S034,4,2,36,25,Yes
RD01211,T0202,S035,11,3,44,25,Yes
RD01212,T0202,S036,1,44,1,25,No
RD01213,T0203,S019,36,0,57,70,No
RD01214,T0203,S020,14,8,69,70,No
RD01215,T0203,S021,19,11,77,70,Yes
RD01216,T0203,S022,20,1,96,70,Yes
RD01217,T0203,S023,21,8,109,70,Yes
RD01218,T0203,S024,0,109,0,70,No
RD01219,T0204,S001,35,0,45,70,No
RD01220,T0204,S002,2,9,38,70,No
RD01221,T0204,S003,22,3,57,70,No
RD01222,T0204,S004,31,14,74,70,Yes
RD01223,T0204,S005,3,12,65,70,No
RD01224,T0204,S006,3,65,3,70,No
RD01225,T0205,S007,31,0,45,70,No
RD01226,T0205,S008,27,13,59,70,No
RD01227,T0205,S009,20,0,79,70,Yes
RD01228,T0205,S010,21,10,90,70,Yes
RD01229,T0205,S011,14,0,104,70,Yes
RD01230,T0205,S012,2,104,2,70,No
RD01231,T0206,S013,8,0,19,25,No
RD01232,T0206,S014,1,2,18,25,No
RD01233,T0206,S015,11,3,26,25,Yes
RD01234,T0206,S016,10,1,35,25,Yes
RD01235,T0206,S017,10,1,44,25,Yes
RD01236,T0206,S018,2,44,2,25,No
RD01237,T0207,S031,6,0,11,45,No
RD01238,T0207,S032,7,4,14,45,No
RD01239,T0207,S033,8,1,21,45,No
RD01240,T0207,S034,6,3,24,45,No
RD01241,T0207,S035,5,7,22,45,No
RD01242,T0207,S036,1,22,1,45,No
RD01243,T0208,S007,7,0,11,25,No
RD01244,T0208,S008,1,2,10,25,No
RD01245,T0208,S009,8,0,18,25,No
RD01246,T0208,S010,9,3,24,25,No
RD01247,T0208,S011,8,2,30,25,Yes
RD01248,T0208,S012,4,30,4,25,No
RD01249,T0209,S019,5,0,7,25,No
RD01250,T0209,S020,9,0,16,25,No
RD01251,T0209,S021,4,1,19,25,No
RD01252,T0209,S022,7,3,23,25,No
RD01253,T0209,S023,2,4,24,25,No
RD01254,T0209,S024,4,24,4,25,No
RD01255,T0210,S037,20,0,25,45,No
RD01256,T0210,S038,17,1,41,45,No
RD01257,T0210,S039,1,4,38,45,No
RD01258,T0210,S040,21,4,55,45,Yes
RD01259,T0210,S041,7,5,57,45,Yes
RD01260,T0210,S042,2,57,2,45,No
RD01261,T0211,S025,17,0,31,70,No
RD01262,T0211,S026,18,2,47,70,No
RD01263,T0211,S027,33,9,71,70,Yes
RD01264,T0211,S028,23,8,86,70,Yes
RD01265,T0211,S029,10,4,92,70,Yes
RD01266,T0211,S030,2,92,2,70,No
RD01267,T0212,S007,4,0,5,25,No
RD01268,T0212,S008,9,2,12,25,No
RD01269,T0212,S009,1,1,12,25,No
RD01270,T0212,S010,1,5,8,25,No
RD01271,T0212,S011,2,0,10,25,No
RD01272,T0212,S012,1,10,1,25,No
RD01273,T0213,S013,13,0,17,25,No
RD01274,T0213,S014,8,5,20,25,No
RD01275,T0213,S015,6,2,24,25,No
RD01276,T0213,S016,11,5,30,25,Yes
RD01277,T0213,S017,8,0,38,25,Yes
RD01278,T0213,S018,0,38,0,25,No
RD01279,T0214,S037,16,0,30,70,No
RD01280,T0214,S038,30,10,50,70,No
RD01281,T0214,S039,10,3,57,70,No
RD01282,T0214,S040,17,9,65,70,No
RD01283,T0214,S041,12,6,71,70,Yes
RD01284,T0214,S042,2,71,2,70,No
RD01285,T0215,S001,20,0,25,45,No
RD01286,T0215,S002,16,1,40,45,No
RD01287,T0215,S003,15,7,48,45,Yes
RD01288,T0215,S004,12,4,56,45,Yes
RD01289,T0215,S005,17,2,71,45,Yes
RD01290,T0215,S006,0,71,0,45,No
RD01291,T0216,S043,4,0,9,25,No
RD01292,T0216,S044,8,4,13,25,No
RD01293,T0216,S045,4,3,14,25,No
RD01294,T0216,S046,3,4,13,25,No
RD01295,T0216,S047,2,3,12,25,No
RD01296,T0216,S048,4,12,4,25,No
RD01297,T0217,S031,12,0,15,25,No
RD01298,T0217,S032,4,4,15,25,No
RD01299,T0217,S033,2,5,12,25,No
RD01300,T0217,S034,10,5,17,25,No
RD01301,T0217,S035,10,0,27,25,Yes
RD01302,T0217,S036,2,27,2,25,No
RD01303,T0218,S001,21,0,35,70,No
RD01304,T0218,S002,5,6,34,70,No
RD01305,T0218,S003,25,10,49,70,No
RD01306,T0218,S004,4,10,43,70,No
RD01307,T0218,S005,9,13,39,70,No
RD01308,T0218,S006,0,39,0,70,No
RD01309,T0219,S025,5,0,10,25,No
RD01310,T0219,S026,7,2,15,25,No
RD01311,T0219,S027,4,3,16,25,No
RD01312,T0219,S028,5,2,19,25,No
RD01313,T0219,S029,5,5,19,25,No
RD01314,T0219,S030,3,19,3,25,No
RD01315,T0220,S013,4,0,6,25,No
RD01316,T0220,S014,9,4,11,25,No
RD01317,T0220,S015,5,1,26,25,Yes
RD01318,T0220,S016,1,0,27,25,Yes
RD01319,T0220,S017,2,2,27,25,Yes
RD01320,T0220,S018,0,27,0,25,No
RD01321,T0221,S007,24,0,35,45,No
RD01322,T0221,S008,13,5,43,45,No
RD01323,T0221,S009,18,6,55,45,Yes
RD01324,T0221,S010,16,2,69,45,Yes
RD01325,T0221,S011,13,8,74,45,Yes
RD01326,T0221,S012,2,74,2,45,No
RD01327,T0222,S037,7,0,8,25,No
RD01328,T0222,S038,3,5,6,25,No
RD01329,T0222,S039,11,0,27,25,Yes
RD01330,T0222,S040,7,5,29,25,Yes
RD01331,T0222,S041,2,1,30,25,Yes
RD01332,T0222,S042,3,30,3,25,No
RD01333,T0223,S025,25,0,36,45,No
RD01334,T0223,S026,6,9,33,45,No
RD01335,T0223,S027,18,6,45,45,No
RD01336,T0223,S028,12,6,51,45,Yes
RD01337,T0223,S029,20,6,75,45,Yes
RD01338,T0223,S030,1,75,1,45,No
RD01339,T0224,S013,19,0,23,45,No
RD01340,T0224,S014,12,9,29,45,No
RD01341,T0224,S015,16,9,36,45,No
RD01342,T0224,S016,19,1,54,45,Yes
RD01343,T0224,S017,5,1,58,45,Yes
RD01344,T0224,S018,4,58,4,45,No
RD01345,T0225,S007,39,0,47,70,No
RD01346,T0225,S008,6,8,45,70,No
RD01347,T0225,S009,5,10,40,70,No
RD01348,T0225,S010,20,8,52,70,No
RD01349,T0225,S011,22,14,60,70,No
RD01350,T0225,S012,0,60,0,70,No
RD01351,T0226,S019,10,0,14,25,No
RD01352,T0226,S020,7,2,19,25,No
RD01353,T0226,S021,5,2,22,25,No
RD01354,T0226,S022,10,5,27,25,Yes
RD01355,T0226,S023,10,5,32,25,Yes
RD01356,T0226,S024,3,32,3,25,No
RD01357,T0227,S007,7,0,16,45,No
RD01358,T0227,S008,20,4,42,45,No
RD01359,T0227,S009,5,1,46,45,Yes
RD01360,T0227,S010,9,4,51,45,Yes
RD01361,T0227,S011,9,4,56,45,Yes
RD01362,T0227,S012,0,56,0,45,No
RD01363,T0228,S019,11,0,20,45,No
RD01364,T0228,S020,15,2,33,45,No
RD01365,T0228,S021,9,2,40,45,No
RD01366,T0228,S022,16,3,53,45,Yes
RD01367,T0228,S023,2,8,47,45,Yes
RD01368,T0228,S024,0,47,0,45,No
RD01369,T0229,S025,5,0,9,25,No
RD01370,T0229,S026,7,3,13,25,No
RD01371,T0229,S027,11,3,21,25,No
RD01372,T0229,S028,6,4,30,25,Yes
RD01373,T0229,S029,1,0,31,25,Yes
RD01374,T0229,S030,3,31,3,25,No
RD01375,T0230,S043,23,0,30,45,No
RD01376,T0230,S044,16,6,40,45,No
RD01377,T0230,S045,14,8,56,45,Yes
RD01378,T0230,S046,11,6,61,45,Yes
RD01379,T0230,S047,4,0,65,45,Yes
RD01380,T0230,S048,2,65,2,45,No
RD01381,T0231,S019,12,0,15,25,No
RD01382,T0231,S020,6,2,19,25,No
RD01383,T0231,S021,5,0,24,25,No
RD01384,T0231,S022,8,3,29,25,Yes
RD01385,T0231,S023,4,5,28,25,Yes
RD01386,T0231,S024,4,28,4,25,No
RD01387,T0232,S001,5,0,9,25,No
RD01388,T0232,S002,6,5,10,25,No
RD01389,T0232,S003,3,1,12,25,No
RD01390,T0232,S004,1,4,9,25,No
RD01391,T0232,S005,1,5,5,25,No
RD01392,T0232,S006,0,5,0,25,No
RD01393,T0233,S031,19,0,19,45,No
RD01394,T0233,S032,15,1,33,45,No
RD01395,T0233,S033,9,4,38,45,No
RD01396,T0233,S034,20,0,58,45,Yes
RD01397,T0233,S035,7,9,56,45,Yes
RD01398,T0233,S036,0,56,0,45,No
RD01399,T0234,S037,4,0,4,25,No
RD01400,T0234,S038,7,1,10,25,No
RD01401,T0234,S039,10,5,15,25,No
RD01402,T0234,S040,2,1,16,25,No
RD01403,T0234,S041,5,2,19,25,No
RD01404,T0234,S042,0,19,0,25,No
RD01405,T0235,S043,19,0,23,45,No
RD01406,T0235,S044,9,5,27,45,No
RD01407,T0235,S045,9,1,35,45,No
RD01408,T0235,S046,13,6,42,45,No
RD01409,T0235,S047,9,0,51,45,Yes
RD01410,T0235,S048,2,51,2,45,No
RD01411,T0236,S037,13,0,14,45,No
RD01412,T0236,S038,10,3,21,45,No
RD01413,T0236,S039,3,6,18,45,No
RD01414,T0236,S040,2,7,13,45,No
RD01415,T0236,S041,9,2,20,45,No
RD01416,T0236,S042,3,20,3,45,No
RD01417,T0237,S025,25,0,28,45,No
RD01418,T0237,S026,9,7,30,45,No
RD01419,T0237,S027,3,1,32,45,No
RD01420,T0237,S028,15,4,53,45,Yes
RD01421,T0237,S029,21,2,72,45,Yes
RD01422,T0237,S030,0,72,0,45,No
RD01423,T0238,S019,5,0,7,25,No
RD01424,T0238,S020,10,3,24,25,No
RD01425,T0238,S021,7,3,28,25,Yes
RD01426,T0238,S022,2,5,25,25,No
RD01427,T0238,S023,7,0,32,25,Yes
RD01428,T0238,S024,3,32,3,25,No
RD01429,T0239,S013,8,0,12,25,No
RD01430,T0239,S014,7,2,21,25,No
RD01431,T0239,S015,9,2,28,25,Yes
RD01432,T0239,S016,2,2,28,25,Yes
RD01433,T0239,S017,11,2,37,25,Yes
RD01434,T0239,S018,4,37,13,25,No
RD01435,T0240,S007,12,0,22,45,No
RD01436,T0240,S008,4,6,20,45,No
RD01437,T0240,S009,16,5,31,45,No
RD01438,T0240,S010,7,7,31,45,No
RD01439,T0240,S011,1,3,29,45,No
RD01440,T0240,S012,4,29,4,45,No
RD01441,T0241,S043,4,0,7,25,No
RD01442,T0241,S044,5,5,7,25,No
RD01443,T0241,S045,1,3,8,25,No
RD01444,T0241,S046,1,2,7,25,No
RD01445,T0241,S047,11,1,17,25,No
RD01446,T0241,S048,3,17,3,25,No
RD01447,T0242,S031,10,0,18,45,No
RD01448,T0242,S032,3,3,23,45,No
RD01449,T0242,S033,21,7,49,45,Yes
RD01450,T0242,S034,8,0,57,45,Yes
RD01451,T0242,S035,1,2,56,45,Yes
RD01452,T0242,S036,0,56,0,45,No
RD01453,T0243,S025,39,0,42,70,No
RD01454,T0243,S026,5,13,34,70,No
RD01455,T0243,S027,8,1,41,70,No
RD01456,T0243,S028,15,12,50,70,No
RD01457,T0243,S029,22,6,66,70,No
RD01458,T0243,S030,3,66,3,70,No
RD01459,T0244,S043,12,0,29,70,No
RD01460,T0244,S044,7,5,31,70,No
RD01461,T0244,S045,2,12,21,70,No
RD01462,T0244,S046,6,9,18,70,No
RD01463,T0244,S047,3,5,16,70,No
RD01464,T0244,S048,0,16,0,70,No
RD01465,T0245,S007,12,0,20,70,No
RD01466,T0245,S008,14,12,22,70,No
RD01467,T0245,S009,12,2,32,70,No
RD01468,T0245,S010,6,8,30,70,No
RD01469,T0245,S011,8,7,31,70,No
RD01470,T0245,S012,4,31,4,70,No
RD01471,T0246,S043,8,0,8,45,No
RD01472,T0246,S044,11,1,18,45,No
RD01473,T0246,S045,7,9,16,45,No
RD01474,T0246,S046,1,2,15,45,No
RD01475,T0246,S047,2,7,10,45,No
RD01476,T0246,S048,0,10,0,45,No
RD01477,T0247,S001,5,0,5,25,No
RD01478,T0247,S002,11,5,11,25,No
RD01479,T0247,S003,7,2,16,25,No
RD01480,T0247,S004,3,3,16,25,No
RD01481,T0247,S005,5,5,16,25,No
RD01482,T0247,S006,3,16,3,25,No
RD01483,T0248,S013,12,0,17,70,No
RD01484,T0248,S014,32,11,38,70,No
RD01485,T0248,S015,20,1,57,70,No
RD01486,T0248,S016,16,0,73,70,Yes
RD01487,T0248,S017,7,8,72,70,Yes
RD01488,T0248,S018,4,72,4,70,No
RD01489,T0249,S007,15,0,18,25,No
RD01490,T0249,S008,5,1,26,25,Yes
RD01491,T0249,S009,11,1,36,25,Yes
RD01492,T0249,S010,8,3,41,25,Yes
RD01493,T0249,S011,1,5,45,25,Yes
RD01494,T0249,S012,2,45,2,25,No
RD01495,T0250,S013,31,0,39,70,No
RD01496,T0250,S014,30,14,58,70,No
RD01497,T0250,S015,12,14,56,70,No
RD01498,T0250,S016,32,0,88,70,Yes
RD01499,T0250,S017,16,1,103,70,Yes
RD01500,T0250,S018,4,103,4,70,No
RD01501,T0251,S037,6,0,9,25,No
RD01502,T0251,S038,4,2,11,25,No
RD01503,T0251,S039,4,2,13,25,No
RD01504,T0251,S040,7,5,15,25,No
RD01505,T0251,S041,4,3,28,25,Yes
RD01506,T0251,S042,3,28,12,25,No
RD01507,T0252,S007,23,0,27,70,No
RD01508,T0252,S008,12,7,32,70,No
RD01509,T0252,S009,30,2,60,70,No
RD01510,T0252,S010,23,10,73,70,Yes
RD01511,T0252,S011,22,3,92,70,Yes
RD01512,T0252,S012,4,92,9,70,No
RD01513,T0253,S025,39,0,42,70,No
RD01514,T0253,S026,22,2,62,70,No
RD01515,T0253,S027,11,4,69,70,No
RD01516,T0253,S028,11,10,70,70,No
RD01517,T0253,S029,15,8,77,70,Yes
RD01518,T0253,S030,4,77,4,70,No
RD01519,T0254,S013,19,0,25,70,No
RD01520,T0254,S014,15,7,33,70,No
RD01521,T0254,S015,1,4,30,70,No
RD01522,T0254,S016,14,11,33,70,No
RD01523,T0254,S017,8,11,30,70,No
RD01524,T0254,S018,1,30,1,70,No
RD01525,T0255,S037,19,0,24,45,No
RD01526,T0255,S038,5,9,20,45,No
RD01527,T0255,S039,14,0,34,45,No
RD01528,T0255,S040,16,0,50,45,Yes
RD01529,T0255,S041,2,8,44,45,No
RD01530,T0255,S042,3,44,3,45,No
RD01531,T0256,S031,9,0,20,45,No
RD01532,T0256,S032,3,3,20,45,No
RD01533,T0256,S033,14,0,34,45,No
RD01534,T0256,S034,12,2,44,45,No
RD01535,T0256,S035,1,1,44,45,No
RD01536,T0256,S036,2,44,2,45,No
RD01537,T0257,S007,23,0,37,70,No
RD01538,T0257,S008,1,9,29,70,No
RD01539,T0257,S009,15,7,37,70,No
RD01540,T0257,S010,5,12,30,70,No
RD01541,T0257,S011,13,13,30,70,No
RD01542,T0257,S012,1,30,1,70,No
RD01543,T0258,S019,20,0,31,70,No
RD01544,T0258,S020,1,7,25,70,No
RD01545,T0258,S021,3,13,15,70,No
RD01546,T0258,S022,11,6,20,70,No
RD01547,T0258,S023,2,8,14,70,No
RD01548,T0258,S024,2,14,2,70,No
RD01549,T0259,S013,14,0,20,45,No
RD01550,T0259,S014,18,9,29,45,No
RD01551,T0259,S015,3,3,29,45,No
RD01552,T0259,S016,2,5,26,45,No
RD01553,T0259,S017,2,5,23,45,No
RD01554,T0259,S018,2,23,2,45,No
RD01555,T0260,S001,8,0,8,25,No
RD01556,T0260,S002,9,5,12,25,No
RD01557,T0260,S003,4,4,12,25,No
RD01558,T0260,S004,4,2,14,25,No
RD01559,T0260,S005,8,5,17,25,No
RD01560,T0260,S006,4,17,4,25,No
RD01561,T0261,S013,24,0,30,70,No
RD01562,T0261,S014,18,14,34,70,No
RD01563,T0261,S015,18,6,54,70,No
RD01564,T0261,S016,29,5,78,70,Yes
RD01565,T0261,S017,8,8,78,70,Yes
RD01566,T0261,S018,4,78,4,70,No
RD01567,T0262,S013,15,0,23,45,No
RD01568,T0262,S014,3,5,21,45,No
RD01569,T0262,S015,3,7,17,45,No
RD01570,T0262,S016,10,2,25,45,No
RD01571,T0262,S017,4,1,28,45,No
RD01572,T0262,S018,0,28,0,45,No
RD01573,T0263,S019,5,0,8,25,No
RD01574,T0263,S020,11,4,24,25,No
RD01575,T0263,S021,9,5,28,25,Yes
RD01576,T0263,S022,6,3,31,25,Yes
RD01577,T0263,S023,11,5,43,25,Yes
RD01578,T0263,S024,0,43,6,25,No
RD01579,T0264,S019,26,0,34,45,No
RD01580,T0264,S020,11,9,36,45,No
RD01581,T0264,S021,16,5,47,45,Yes
RD01582,T0264,S022,18,8,57,45,Yes
RD01583,T0264,S023,19,4,72,45,Yes
RD01584,T0264,S024,2,72,2,45,No
RD01585,T0265,S031,4,0,6,25,No
RD01586,T0265,S032,3,3,6,25,No
RD01587,T0265,S033,1,2,5,25,No
RD01588,T0265,S034,3,1,7,25,No
RD01589,T0265,S035,4,2,9,25,No
RD01590,T0265,S036,1,9,1,25,No
RD01591,T0266,S037,11,0,20,45,No
RD01592,T0266,S038,6,4,22,45,No
RD01593,T0266,S039,6,2,26,45,No
RD01594,T0266,S040,11,0,37,45,No
RD01595,T0266,S041,9,7,39,45,No
RD01596,T0266,S042,1,39,1,45,No
RD01597,T0267,S013,13,0,13,25,No
RD01598,T0267,S014,3,2,14,25,No
RD01599,T0267,S015,3,4,13,25,No
RD01600,T0267,S016,1,0,14,25,No
RD01601,T0267,S017,3,3,14,25,No
RD01602,T0267,S018,2,14,2,25,No
RD01603,T0268,S007,14,0,25,45,No
RD01604,T0268,S008,6,8,23,45,No
RD01605,T0268,S009,8,4,27,45,No
RD01606,T0268,S010,10,4,33,45,No
RD01607,T0268,S011,10,2,41,45,No
RD01608,T0268,S012,3,41,3,45,No
RD01609,T0269,S025,14,0,16,25,No
RD01610,T0269,S026,1,3,14,25,No
RD01611,T0269,S027,2,4,12,25,No
RD01612,T0269,S028,10,3,19,25,No
RD01613,T0269,S029,6,3,22,25,No
RD01614,T0269,S030,0,22,0,25,No
RD01615,T0270,S037,12,0,13,25,No
RD01616,T0270,S038,4,2,26,25,Yes
RD01617,T0270,S039,11,3,34,25,Yes
RD01618,T0270,S040,9,0,43,25,Yes
RD01619,T0270,S041,6,3,46,25,Yes
RD01620,T0270,S042,4,46,4,25,No
RD01621,T0271,S031,8,0,13,25,No
RD01622,T0271,S032,7,5,15,25,No
RD01623,T0271,S033,1,2,14,25,No
RD01624,T0271,S034,5,2,17,25,No
RD01625,T0271,S035,2,4,15,25,No
RD01626,T0271,S036,3,15,3,25,No
RD01627,T0272,S007,38,0,51,70,No
RD01628,T0272,S008,28,12,67,70,No
RD01629,T0272,S009,9,6,70,70,No
RD01630,T0272,S010,6,9,67,70,No
RD01631,T0272,S011,31,4,94,70,Yes
RD01632,T0272,S012,4,94,4,70,No
RD01633,T0273,S031,34,0,36,70,No
RD01634,T0273,S032,18,6,48,70,No
RD01635,T0273,S033,30,8,70,70,No
RD01636,T0273,S034,9,12,67,70,No
RD01637,T0273,S035,25,13,79,70,Yes
RD01638,T0273,S036,3,79,10,70,No
RD01639,T0274,S013,7,0,13,25,No
RD01640,T0274,S014,4,2,15,25,No
RD01641,T0274,S015,6,4,17,25,No
RD01642,T0274,S016,2,3,16,25,No
RD01643,T0274,S017,1,0,17,25,No
RD01644,T0274,S018,1,17,1,25,No
RD01645,T0275,S001,7,0,9,25,No
RD01646,T0275,S002,8,5,12,25,No
RD01647,T0275,S003,5,5,12,25,No
RD01648,T0275,S004,11,3,20,25,No
RD01649,T0275,S005,5,0,25,25,No
RD01650,T0275,S006,0,25,0,25,No
RD01651,T0276,S037,12,0,14,25,No
RD01652,T0276,S038,5,3,16,25,No
RD01653,T0276,S039,2,3,15,25,No
RD01654,T0276,S040,10,5,27,25,Yes
RD01655,T0276,S041,10,1,44,25,Yes
RD01656,T0276,S042,3,44,3,25,No
RD01657,T0277,S007,15,0,19,70,No
RD01658,T0277,S008,2,2,19,70,No
RD01659,T0277,S009,12,4,27,70,No
RD01660,T0277,S010,12,6,33,70,No
RD01661,T0277,S011,10,0,43,70,No
RD01662,T0277,S012,2,43,2,70,No
RD01663,T0278,S043,14,0,30,70,No
RD01664,T0278,S044,12,12,30,70,No
RD01665,T0278,S045,11,9,32,70,No
RD01666,T0278,S046,21,13,40,70,No
RD01667,T0278,S047,20,10,50,70,No
RD01668,T0278,S048,2,50,2,70,No
RD01669,T0279,S019,17,0,26,45,No
RD01670,T0279,S020,5,0,31,45,No
RD01671,T0279,S021,16,5,42,45,No
RD01672,T0279,S022,4,2,44,45,No
RD01673,T0279,S023,8,8,44,45,No
RD01674,T0279,S024,4,44,4,45,No
RD01675,T0280,S037,23,0,31,45,No
RD01676,T0280,S038,14,1,44,45,No
RD01677,T0280,S039,4,1,47,45,Yes
RD01678,T0280,S040,16,0,63,45,Yes
RD01679,T0280,S041,5,5,63,45,Yes
RD01680,T0280,S042,4,63,4,45,No
RD01681,T0281,S031,4,0,6,25,No
RD01682,T0281,S032,3,5,4,25,No
RD01683,T0281,S033,6,0,10,25,No
RD01684,T0281,S034,2,0,12,25,No
RD01685,T0281,S035,6,1,17,25,No
RD01686,T0281,S036,1,17,1,25,No
RD01687,T0282,S043,14,0,21,70,No
RD01688,T0282,S044,7,2,26,70,No
RD01689,T0282,S045,3,2,27,70,No
RD01690,T0282,S046,4,6,25,70,No
RD01691,T0282,S047,1,1,25,70,No
RD01692,T0282,S048,3,25,3,70,No
RD01693,T0283,S025,7,0,13,45,No
RD01694,T0283,S026,17,0,30,45,No
RD01695,T0283,S027,4,7,27,45,No
RD01696,T0283,S028,3,0,30,45,No
RD01697,T0283,S029,4,0,34,45,No
RD01698,T0283,S030,4,34,4,45,No
RD01699,T0284,S007,5,0,6,25,No
RD01700,T0284,S008,2,0,8,25,No
RD01701,T0284,S009,5,5,8,25,No
RD01702,T0284,S010,6,2,12,25,No
RD01703,T0284,S011,10,4,18,25,No
RD01704,T0284,S012,4,18,16,25,No
RD01705,T0285,S013,23,0,23,70,No
RD01706,T0285,S014,11,4,30,70,No
RD01707,T0285,S015,1,8,23,70,No
RD01708,T0285,S016,14,1,36,70,No
RD01709,T0285,S017,31,13,54,70,No
RD01710,T0285,S018,4,54,4,70,No
RD01711,T0286,S043,9,0,19,45,No
RD01712,T0286,S044,13,5,27,45,No
RD01713,T0286,S045,8,8,27,45,No
RD01714,T0286,S046,4,5,26,45,No
RD01715,T0286,S047,5,8,23,45,No
RD01716,T0286,S048,2,23,2,45,No
RD01717,T0287,S007,6,0,14,45,No
RD01718,T0287,S008,6,1,19,45,No
RD01719,T0287,S009,2,7,14,45,No
RD01720,T0287,S010,5,6,13,45,No
RD01721,T0287,S011,10,7,16,45,No
RD01722,T0287,S012,2,16,2,45,No
RD01723,T0288,S019,13,0,27,70,No
RD01724,T0288,S020,14,8,33,70,No
RD01725,T0288,S021,14,4,43,70,No
RD01726,T0288,S022,3,3,43,70,No
RD01727,T0288,S023,16,14,45,70,No
RD01728,T0288,S024,2,45,2,70,No
RD01729,T0289,S037,6,0,8,45,No
RD01730,T0289,S038,11,7,12,45,No
RD01731,T0289,S039,7,1,18,45,No
RD01732,T0289,S040,9,7,20,45,No
RD01733,T0289,S041,2,1,21,45,No
RD01734,T0289,S042,1,21,1,45,No
RD01735,T0290,S031,9,0,12,25,No
RD01736,T0290,S032,3,0,21,25,No
RD01737,T0290,S033,4,2,23,25,No
RD01738,T0290,S034,2,3,22,25,No
RD01739,T0290,S035,8,3,27,25,Yes
RD01740,T0290,S036,4,27,4,25,No
RD01741,T0291,S031,32,0,44,70,No
RD01742,T0291,S032,26,9,61,70,No
RD01743,T0291,S033,18,8,71,70,Yes
RD01744,T0291,S034,7,7,71,70,Yes
RD01745,T0291,S035,32,7,96,70,Yes
RD01746,T0291,S036,1,96,4,70,No
RD01747,T0292,S037,17,0,19,70,No
RD01748,T0292,S038,1,10,10,70,No
RD01749,T0292,S039,13,2,21,70,No
RD01750,T0292,S040,11,9,23,70,No
RD01751,T0292,S041,10,2,31,70,No
RD01752,T0292,S042,4,31,4,70,No
RD01753,T0293,S031,14,0,17,70,No
RD01754,T0293,S032,32,8,41,70,No
RD01755,T0293,S033,19,3,57,70,No
RD01756,T0293,S034,33,7,83,70,Yes
RD01757,T0293,S035,2,5,80,70,Yes
RD01758,T0293,S036,0,80,0,70,No
RD01759,T0294,S013,9,0,9,25,No
RD01760,T0294,S014,8,3,14,25,No
RD01761,T0294,S015,3,0,17,25,No
RD01762,T0294,S016,3,2,18,25,No
RD01763,T0294,S017,5,1,22,25,No
RD01764,T0294,S018,3,22,3,25,No
RD01765,T0295,S031,13,0,17,25,No
RD01766,T0295,S032,11,4,24,25,No
RD01767,T0295,S033,8,3,29,25,Yes
RD01768,T0295,S034,9,1,44,25,Yes
RD01769,T0295,S035,10,3,51,25,Yes
RD01770,T0295,S036,4,51,4,25,No
RD01771,T0296,S043,30,0,51,70,No
RD01772,T0296,S044,9,0,60,70,No
RD01773,T0296,S045,2,5,57,70,No
RD01774,T0296,S046,22,10,69,70,No
RD01775,T0296,S047,23,6,86,70,Yes
RD01776,T0296,S048,3,86,3,70,No
RD01777,T0297,S037,13,0,20,70,No
RD01778,T0297,S038,10,3,27,70,No
RD01779,T0297,S039,3,9,21,70,No
RD01780,T0297,S040,3,14,10,70,No
RD01781,T0297,S041,4,4,10,70,No
RD01782,T0297,S042,2,10,2,70,No
RD01783,T0298,S031,3,0,4,25,No
RD01784,T0298,S032,8,0,12,25,No
RD01785,T0298,S033,10,3,19,25,No
RD01786,T0298,S034,5,3,31,25,Yes
RD01787,T0298,S035,1,4,28,25,Yes
RD01788,T0298,S036,3,28,3,25,No
RD01789,T0299,S001,24,0,29,45,No
RD01790,T0299,S002,4,7,26,45,No
RD01791,T0299,S003,11,3,34,45,No
RD01792,T0299,S004,6,5,35,45,No
RD01793,T0299,S005,14,5,44,45,No
RD01794,T0299,S006,0,44,0,45,No
RD01795,T0300,S031,13,0,30,70,No
RD01796,T0300,S032,9,4,35,70,No
RD01797,T0300,S033,10,0,45,70,No
RD01798,T0300,S034,13,9,49,70,No
RD01799,T0300,S035,8,12,45,70,No
RD01800,T0300,S036,4,45,4,70,No
RD01801,T0301,S013,3,0,8,25,No
RD01802,T0301,S014,5,5,8,25,No
RD01803,T0301,S015,5,0,13,25,No
RD01804,T0301,S016,3,2,14,25,No
RD01805,T0301,S017,5,0,19,25,No
RD01806,T0301,S018,4,19,4,25,No
RD01807,T0302,S013,6,0,9,25,No
RD01808,T0302,S014,3,1,11,25,No
RD01809,T0302,S015,6,0,17,25,No
RD01810,T0302,S016,5,2,20,25,No
RD01811,T0302,S017,4,2,22,25,No
RD01812,T0302,S018,4,22,4,25,No
RD01813,T0303,S025,6,0,8,25,No
RD01814,T0303,S026,10,2,16,25,No
RD01815,T0303,S027,9,5,20,25,No
RD01816,T0303,S028,11,0,31,25,Yes
RD01817,T0303,S029,10,1,40,25,Yes
RD01818,T0303,S030,3,40,3,25,No
RD01819,T0304,S007,37,0,54,70,No
RD01820,T0304,S008,4,11,47,70,No
RD01821,T0304,S009,30,5,72,70,Yes
RD01822,T0304,S010,20,2,90,70,Yes
RD01823,T0304,S011,21,6,105,70,Yes
RD01824,T0304,S012,0,105,0,70,No
RD01825,T0305,S019,27,0,40,70,No
RD01826,T0305,S020,11,10,41,70,No
RD01827,T0305,S021,16,9,48,70,No
RD01828,T0305,S022,10,1,57,70,No
RD01829,T0305,S023,20,3,74,70,Yes
RD01830,T0305,S024,4,74,4,70,No
RD01831,T0306,S007,13,0,16,25,No
RD01832,T0306,S008,3,1,18,25,No
RD01833,T0306,S009,5,0,23,25,No
RD01834,T0306,S010,11,2,32,25,Yes
RD01835,T0306,S011,1,5,28,25,Yes
RD01836,T0306,S012,3,28,3,25,No
RD01837,T0307,S007,23,0,24,70,No
RD01838,T0307,S008,3,14,13,70,No
RD01839,T0307,S009,10,5,18,70,No
RD01840,T0307,S010,3,13,8,70,No
RD01841,T0307,S011,12,6,14,70,No
RD01842,T0307,S012,0,14,0,70,No
RD01843,T0308,S025,10,0,16,45,No
RD01844,T0308,S026,17,9,24,45,No
RD01845,T0308,S027,19,8,35,45,No
RD01846,T0308,S028,9,8,36,45,No
RD01847,T0308,S029,8,1,43,45,No
RD01848,T0308,S030,2,43,2,45,No
RD01849,T0309,S013,22,0,34,70,No
RD01850,T0309,S014,8,11,31,70,No
RD01851,T0309,S015,14,14,31,70,No
RD01852,T0309,S016,5,3,33,70,No
RD01853,T0309,S017,6,1,38,70,No
RD01854,T0309,S018,1,38,1,70,No
RD01855,T0310,S019,38,0,46,70,No
RD01856,T0310,S020,4,13,37,70,No
RD01857,T0310,S021,8,5,40,70,No
RD01858,T0310,S022,31,6,65,70,No
RD01859,T0310,S023,10,4,71,70,Yes
RD01860,T0310,S024,2,71,2,70,No
RD01861,T0311,S031,8,0,8,25,No
RD01862,T0311,S032,1,4,5,25,No
RD01863,T0311,S033,6,5,6,25,No
RD01864,T0311,S034,6,0,12,25,No
RD01865,T0311,S035,2,5,9,25,No
RD01866,T0311,S036,2,9,2,25,No
RD01867,T0312,S025,18,0,26,45,No
RD01868,T0312,S026,4,5,25,45,No
RD01869,T0312,S027,15,3,37,45,No
RD01870,T0312,S028,9,6,40,45,No
RD01871,T0312,S029,10,3,47,45,Yes
RD01872,T0312,S030,1,47,1,45,No
RD01873,T0313,S037,8,0,13,25,No
RD01874,T0313,S038,7,5,15,25,No
RD01875,T0313,S039,2,2,15,25,No
RD01876,T0313,S040,8,3,20,25,No
RD01877,T0313,S041,7,2,25,25,No
RD01878,T0313,S042,0,25,0,25,No
RD01879,T0314,S007,7,0,12,25,No
RD01880,T0314,S008,7,2,17,25,No
RD01881,T0314,S009,6,4,19,25,No
RD01882,T0314,S010,1,0,20,25,No
RD01883,T0314,S011,11,1,30,25,Yes
RD01884,T0314,S012,1,30,7,25,No
RD01885,T0315,S013,15,0,25,45,No
RD01886,T0315,S014,4,1,28,45,No
RD01887,T0315,S015,21,8,41,45,No
RD01888,T0315,S016,14,9,46,45,Yes
RD01889,T0315,S017,15,5,56,45,Yes
RD01890,T0315,S018,1,56,1,45,No
RD01891,T0316,S037,12,0,17,25,No
RD01892,T0316,S038,4,2,19,25,No
RD01893,T0316,S039,3,2,20,25,No
RD01894,T0316,S040,10,3,27,25,Yes
RD01895,T0316,S041,9,0,36,25,Yes
RD01896,T0316,S042,1,36,1,25,No
RD01897,T0317,S013,12,0,19,45,No
RD01898,T0317,S014,2,2,19,45,No
RD01899,T0317,S015,20,6,33,45,No
RD01900,T0317,S016,12,1,44,45,No
RD01901,T0317,S017,4,9,50,45,Yes
RD01902,T0317,S018,3,50,3,45,No
RD01903,T0318,S025,13,0,16,25,No
RD01904,T0318,S026,4,1,19,25,No
RD01905,T0318,S027,5,2,22,25,No
RD01906,T0318,S028,3,3,22,25,No
RD01907,T0318,S029,10,1,31,25,Yes
RD01908,T0318,S030,2,31,2,25,No
RD01909,T0319,S025,19,0,22,45,No
RD01910,T0319,S026,1,2,21,45,No
RD01911,T0319,S027,8,4,25,45,No
RD01912,T0319,S028,12,3,34,45,No
RD01913,T0319,S029,3,7,35,45,No
RD01914,T0319,S030,2,35,2,45,No
RD01915,T0320,S013,27,0,33,45,No
RD01916,T0320,S014,14,6,41,45,No
RD01917,T0320,S015,3,4,40,45,No
RD01918,T0320,S016,2,0,42,45,No
RD01919,T0320,S017,16,3,55,45,Yes
RD01920,T0320,S018,4,55,4,45,No
RD01921,T0321,S031,7,0,27,45,No
RD01922,T0321,S032,13,9,31,45,No
RD01923,T0321,S033,12,6,37,45,No
RD01924,T0321,S034,2,8,31,45,No
RD01925,T0321,S035,6,4,33,45,No
RD01926,T0321,S036,2,33,2,45,No
RD01927,T0322,S025,15,0,19,70,No
RD01928,T0322,S026,28,8,39,70,No
RD01929,T0322,S027,21,1,64,70,No
RD01930,T0322,S028,18,7,75,70,Yes
RD01931,T0322,S029,28,14,89,70,Yes
RD01932,T0322,S030,2,89,2,70,No
RD01933,T0323,S001,30,0,38,70,No
RD01934,T0323,S002,21,2,57,70,No
RD01935,T0323,S003,10,7,60,70,No
RD01936,T0323,S004,29,14,80,70,Yes
RD01937,T0323,S005,15,0,95,70,Yes
RD01938,T0323,S006,3,95,3,70,No
RD01939,T0324,S019,37,0,51,70,No
RD01940,T0324,S020,32,14,77,70,Yes
RD01941,T0324,S021,32,11,98,70,Yes
RD01942,T0324,S022,10,1,107,70,Yes
RD01943,T0324,S023,14,1,120,70,Yes
RD01944,T0324,S024,1,120,1,70,No
RD01945,T0325,S043,11,0,16,25,No
RD01946,T0325,S044,11,4,23,25,No
RD01947,T0325,S045,1,4,20,25,No
RD01948,T0325,S046,3,4,19,25,No
RD01949,T0325,S047,4,0,23,25,No
RD01950,T0325,S048,0,23,0,25,No
RD01951,T0326,S031,28,0,28,70,No
RD01952,T0326,S032,8,10,26,70,No
RD01953,T0326,S033,7,9,24,70,No
RD01954,T0326,S034,2,2,24,70,No
RD01955,T0326,S035,31,13,42,70,No
RD01956,T0326,S036,2,42,2,70,No
RD01957,T0327,S031,16,0,16,45,No
RD01958,T0327,S032,15,9,22,45,No
RD01959,T0327,S033,5,9,18,45,No
RD01960,T0327,S034,21,0,39,45,No
RD01961,T0327,S035,3,0,42,45,No
RD01962,T0327,S036,4,42,4,45,No
RD01963,T0328,S007,14,0,26,70,No
RD01964,T0328,S008,8,2,32,70,No
RD01965,T0328,S009,13,12,33,70,No
RD01966,T0328,S010,1,1,33,70,No
RD01967,T0328,S011,7,13,27,70,No
RD01968,T0328,S012,1,27,1,70,No
RD01969,T0329,S043,15,0,18,25,No
RD01970,T0329,S044,11,5,24,25,No
RD01971,T0329,S045,8,2,30,25,Yes
RD01972,T0329,S046,5,5,30,25,Yes
RD01973,T0329,S047,3,4,29,25,Yes
RD01974,T0329,S048,0,29,0,25,No
RD01975,T0330,S037,6,0,10,25,No
RD01976,T0330,S038,8,3,15,25,No
RD01977,T0330,S039,7,4,18,25,No
RD01978,T0330,S040,6,3,21,25,No
RD01979,T0330,S041,11,3,29,25,Yes
RD01980,T0330,S042,0,29,0,25,No
RD01981,T0331,S031,13,0,16,25,No
RD01982,T0331,S032,3,5,14,25,No
RD01983,T0331,S033,11,4,21,25,No
RD01984,T0331,S034,5,0,26,25,Yes
RD01985,T0331,S035,8,0,34,25,Yes
RD01986,T0331,S036,1,34,1,25,No
RD01987,T0332,S043,4,0,6,25,No
RD01988,T0332,S044,4,4,6,25,No
RD01989,T0332,S045,5,2,9,25,No
RD01990,T0332,S046,5,0,14,25,No
RD01991,T0332,S047,1,0,15,25,No
RD01992,T0332,S048,4,15,4,25,No
RD01993,T0333,S043,11,0,11,25,No
RD01994,T0333,S044,8,0,19,25,No
RD01995,T0333,S045,5,4,20,25,No
RD01996,T0333,S046,2,4,18,25,No
RD01997,T0333,S047,2,0,20,25,No
RD01998,T0333,S048,3,20,3,25,No
RD01999,T0334,S043,18,0,29,45,No
RD02000,T0334,S044,11,4,36,45,No
RD02001,T0334,S045,15,7,44,45,No
RD02002,T0334,S046,11,4,51,45,Yes
RD02003,T0334,S047,7,2,56,45,Yes
RD02004,T0334,S048,4,56,4,45,No
RD02005,T0335,S037,9,0,19,45,No
RD02006,T0335,S038,1,0,20,45,No
RD02007,T0335,S039,6,0,26,45,No
RD02008,T0335,S040,13,7,32,45,No
RD02009,T0335,S041,16,9,39,45,No
RD02010,T0335,S042,4,39,4,45,No
RD02011,T0336,S037,29,0,41,70,No
RD02012,T0336,S038,1,2,40,70,No
RD02013,T0336,S039,2,13,29,70,No
RD02014,T0336,S040,2,3,28,70,No
RD02015,T0336,S041,10,10,28,70,No
RD02016,T0336,S042,3,28,3,70,No
RD02017,T0337,S025,7,0,13,25,No
RD02018,T0337,S026,1,1,13,25,No
RD02019,T0337,S027,4,2,15,25,No
RD02020,T0337,S028,4,1,18,25,No
RD02021,T0337,S029,1,3,16,25,No
RD02022,T0337,S030,0,16,0,25,No
RD02023,T0338,S007,8,0,10,45,No
RD02024,T0338,S008,8,7,11,45,No
RD02025,T0338,S009,1,7,5,45,No
RD02026,T0338,S010,10,3,12,45,No
RD02027,T0338,S011,4,3,13,45,No
RD02028,T0338,S012,2,13,2,45,No
RD02029,T0339,S031,9,0,16,25,No
RD02030,T0339,S032,11,0,27,25,Yes
RD02031,T0339,S033,7,3,31,25,Yes
RD02032,T0339,S034,10,5,36,25,Yes
RD02033,T0339,S035,5,4,46,25,Yes
RD02034,T0339,S036,3,46,3,25,No
RD02035,T0340,S001,25,0,36,45,No
RD02036,T0340,S002,8,7,37,45,No
RD02037,T0340,S003,1,8,30,45,No
RD02038,T0340,S004,18,5,52,45,Yes
RD02039,T0340,S005,4,7,49,45,Yes
RD02040,T0340,S006,2,49,2,45,No
RD02041,T0341,S043,6,0,12,45,No
RD02042,T0341,S044,16,3,25,45,No
RD02043,T0341,S045,17,3,39,45,No
RD02044,T0341,S046,20,5,54,45,Yes
RD02045,T0341,S047,5,7,52,45,Yes
RD02046,T0341,S048,3,52,3,45,No
RD02047,T0342,S013,26,0,36,45,No
RD02048,T0342,S014,6,7,35,45,No
RD02049,T0342,S015,3,4,34,45,No
RD02050,T0342,S016,6,2,38,45,No
RD02051,T0342,S017,16,9,45,45,No
RD02052,T0342,S018,3,45,3,45,No
RD02053,T0343,S031,5,0,8,25,No
RD02054,T0343,S032,2,1,9,25,No
RD02055,T0343,S033,1,4,6,25,No
RD02056,T0343,S034,3,0,9,25,No
RD02057,T0343,S035,3,2,10,25,No
RD02058,T0343,S036,1,10,1,25,No
RD02059,T0344,S001,42,0,51,70,No
RD02060,T0344,S002,28,5,74,70,Yes
RD02061,T0344,S003,8,3,79,70,Yes
RD02062,T0344,S004,17,7,89,70,Yes
RD02063,T0344,S005,23,12,100,70,Yes
RD02064,T0344,S006,4,100,4,70,No
RD02065,T0345,S025,42,0,46,70,No
RD02066,T0345,S026,4,1,49,70,No
RD02067,T0345,S027,30,7,72,70,Yes
RD02068,T0345,S028,8,12,68,70,No
RD02069,T0345,S029,7,12,63,70,No
RD02070,T0345,S030,0,63,0,70,No
RD02071,T0346,S025,20,0,25,70,No
RD02072,T0346,S026,7,1,31,70,No
RD02073,T0346,S027,12,14,29,70,No
RD02074,T0346,S028,10,2,37,70,No
RD02075,T0346,S029,15,11,41,70,No
RD02076,T0346,S030,4,41,4,70,No
RD02077,T0347,S019,9,0,16,45,No
RD02078,T0347,S020,11,5,22,45,No
RD02079,T0347,S021,7,1,28,45,No
RD02080,T0347,S022,1,6,23,45,No
RD02081,T0347,S023,11,7,27,45,No
RD02082,T0347,S024,1,27,1,45,No
RD02083,T0348,S037,19,0,24,45,No
RD02084,T0348,S038,5,3,26,45,No
RD02085,T0348,S039,14,8,32,45,No
RD02086,T0348,S040,14,2,44,45,No
RD02087,T0348,S041,15,6,53,45,Yes
RD02088,T0348,S042,4,53,4,45,No
RD02089,T0349,S007,3,0,5,25,No
RD02090,T0349,S008,2,3,4,25,No
RD02091,T0349,S009,6,0,10,25,No
RD02092,T0349,S010,1,4,7,25,No
RD02093,T0349,S011,3,0,10,25,No
RD02094,T0349,S012,2,10,2,25,No
RD02095,T0350,S037,15,0,18,25,No
RD02096,T0350,S038,7,0,25,25,No
RD02097,T0350,S039,11,5,31,25,Yes
RD02098,T0350,S040,1,4,28,25,Yes
RD02099,T0350,S041,11,5,34,25,Yes
RD02100,T0350,S042,2,34,2,25,No
RD02101,T0351,S001,14,0,24,45,No
RD02102,T0351,S002,6,4,26,45,No
RD02103,T0351,S003,1,5,22,45,No
RD02104,T0351,S004,9,4,27,45,No
RD02105,T0351,S005,3,9,21,45,No
RD02106,T0351,S006,3,21,3,45,No
RD02107,T0352,S037,20,0,34,70,No
RD02108,T0352,S038,18,3,49,70,No
RD02109,T0352,S039,15,9,55,70,No
RD02110,T0352,S040,12,11,56,70,No
RD02111,T0352,S041,13,14,55,70,No
RD02112,T0352,S042,1,55,1,70,No
RD02113,T0353,S031,4,0,14,25,No
RD02114,T0353,S032,3,3,14,25,No
RD02115,T0353,S033,5,4,15,25,No
RD02116,T0353,S034,9,4,20,25,No
RD02117,T0353,S035,11,2,29,25,Yes
RD02118,T0353,S036,0,29,0,25,No
RD02119,T0354,S025,26,0,43,70,No
RD02120,T0354,S026,20,12,51,70,No
RD02121,T0354,S027,8,8,51,70,No
RD02122,T0354,S028,24,13,62,70,No
RD02123,T0354,S029,23,8,77,70,Yes
RD02124,T0354,S030,0,77,0,70,No
RD02125,T0355,S025,14,0,26,25,Yes
RD02126,T0355,S026,10,1,35,25,Yes
RD02127,T0355,S027,11,5,41,25,Yes
RD02128,T0355,S028,4,4,41,25,Yes
RD02129,T0355,S029,11,2,50,25,Yes
RD02130,T0355,S030,4,50,4,25,No
RD02131,T0356,S043,25,0,37,70,No
RD02132,T0356,S044,13,8,42,70,No
RD02133,T0356,S045,30,5,67,70,No
RD02134,T0356,S046,28,11,84,70,Yes
RD02135,T0356,S047,6,1,94,70,Yes
RD02136,T0356,S048,3,94,3,70,No
RD02137,T0357,S025,17,0,18,45,No
RD02138,T0357,S026,19,6,31,45,No
RD02139,T0357,S027,9,6,34,45,No
RD02140,T0357,S028,15,6,43,45,No
RD02141,T0357,S029,14,7,50,45,Yes
RD02142,T0357,S030,1,50,1,45,No
RD02143,T0358,S031,14,0,17,25,No
RD02144,T0358,S032,9,5,21,25,No
RD02145,T0358,S033,4,0,25,25,No
RD02146,T0358,S034,3,0,28,25,Yes
RD02147,T0358,S035,2,2,28,25,Yes
RD02148,T0358,S036,3,28,3,25,No
RD02149,T0359,S025,24,0,29,45,No
RD02150,T0359,S026,5,8,26,45,No
RD02151,T0359,S027,12,4,34,45,No
RD02152,T0359,S028,1,7,28,45,No
RD02153,T0359,S029,19,2,45,45,No
RD02154,T0359,S030,2,45,2,45,No
RD02155,T0360,S019,4,0,5,25,No
RD02156,T0360,S020,4,5,4,25,No
RD02157,T0360,S021,1,0,5,25,No
RD02158,T0360,S022,3,4,4,25,No
RD02159,T0360,S023,1,0,5,25,No
RD02160,T0360,S024,3,5,3,25,No
RD02161,T0361,S025,24,0,31,45,No
RD02162,T0361,S026,11,7,35,45,No
RD02163,T0361,S027,20,7,48,45,Yes
RD02164,T0361,S028,17,2,63,45,Yes
RD02165,T0361,S029,15,7,71,45,Yes
RD02166,T0361,S030,2,71,2,45,No
RD02167,T0362,S019,34,0,47,70,No
RD02168,T0362,S020,22,6,63,70,No
RD02169,T0362,S021,29,10,82,70,Yes
RD02170,T0362,S022,6,10,78,70,Yes
RD02171,T0362,S023,2,11,69,70,No
RD02172,T0362,S024,2,69,2,70,No
RD02173,T0363,S031,26,0,27,45,No
RD02174,T0363,S032,20,3,44,45,No
RD02175,T0363,S033,19,0,63,45,Yes
RD02176,T0363,S034,17,7,73,45,Yes
RD02177,T0363,S035,18,1,90,45,Yes
RD02178,T0363,S036,0,90,0,45,No
RD02179,T0364,S013,4,0,5,25,No
RD02180,T0364,S014,5,5,5,25,No
RD02181,T0364,S015,1,3,3,25,No
RD02182,T0364,S016,4,2,5,25,No
RD02183,T0364,S017,1,4,2,25,No
RD02184,T0364,S018,3,2,3,25,No
RD02185,T0365,S043,31,0,31,70,No
RD02186,T0365,S044,2,6,27,70,No
RD02187,T0365,S045,25,5,47,70,No
RD02188,T0365,S046,7,1,53,70,No
RD02189,T0365,S047,10,4,59,70,No
RD02190,T0365,S048,0,59,0,70,No
RD02191,T0366,S007,20,0,41,70,No
RD02192,T0366,S008,2,2,41,70,No
RD02193,T0366,S009,25,4,62,70,No
RD02194,T0366,S010,27,2,87,70,Yes
RD02195,T0366,S011,25,4,108,70,Yes
RD02196,T0366,S012,0,108,6,70,No
RD02197,T0367,S001,24,0,33,45,No
RD02198,T0367,S002,17,8,42,45,No
RD02199,T0367,S003,9,1,60,45,Yes
RD02200,T0367,S004,14,8,69,45,Yes
RD02201,T0367,S005,21,6,84,45,Yes
RD02202,T0367,S006,0,84,0,45,No
RD02203,T0368,S037,25,0,28,70,No
RD02204,T0368,S038,9,10,27,70,No
RD02205,T0368,S039,29,6,50,70,No
RD02206,T0368,S040,33,10,73,70,Yes
RD02207,T0368,S041,24,2,95,70,Yes
RD02208,T0368,S042,1,95,1,70,No
RD02209,T0369,S025,37,0,54,70,No
RD02210,T0369,S026,29,8,85,70,Yes
RD02211,T0369,S027,19,13,91,70,Yes
RD02212,T0369,S028,1,2,100,70,Yes
RD02213,T0369,S029,17,4,113,70,Yes
RD02214,T0369,S030,3,113,3,70,No
RD02215,T0370,S025,8,0,14,25,No
RD02216,T0370,S026,5,1,18,25,No
RD02217,T0370,S027,3,4,17,25,No
RD02218,T0370,S028,2,0,19,25,No
RD02219,T0370,S029,5,5,19,25,No
RD02220,T0370,S030,4,19,4,25,No
RD02221,T0371,S013,5,0,5,25,No
RD02222,T0371,S014,4,0,9,25,No
RD02223,T0371,S015,1,5,5,25,No
RD02224,T0371,S016,6,1,10,25,No
RD02225,T0371,S017,3,4,9,25,No
RD02226,T0371,S018,3,9,3,25,No
RD02227,T0372,S043,42,0,48,70,No
RD02228,T0372,S044,22,5,65,70,No
RD02229,T0372,S045,29,12,82,70,Yes
RD02230,T0372,S046,21,10,93,70,Yes
RD02231,T0372,S047,22,7,113,70,Yes
RD02232,T0372,S048,0,113,0,70,No
RD02233,T0373,S031,10,0,10,70,No
RD02234,T0373,S032,32,6,36,70,No
RD02235,T0373,S033,6,8,34,70,No
RD02236,T0373,S034,5,10,29,70,No
RD02237,T0373,S035,29,14,44,70,No
RD02238,T0373,S036,2,44,2,70,No
RD02239,T0374,S037,15,0,21,45,No
RD02240,T0374,S038,7,5,23,45,No
RD02241,T0374,S039,1,2,22,45,No
RD02242,T0374,S040,8,1,29,45,No
RD02243,T0374,S041,4,5,28,45,No
RD02244,T0374,S042,3,28,3,45,No
RD02245,T0375,S037,6,0,6,25,No
RD02246,T0375,S038,11,2,15,25,No
RD02247,T0375,S039,4,2,17,25,No
RD02248,T0375,S040,11,4,24,25,No
RD02249,T0375,S041,4,5,23,25,No
RD02250,T0375,S042,3,23,3,25,No
RD02251,T0376,S001,27,0,28,70,No
RD02252,T0376,S002,14,11,40,70,No
RD02253,T0376,S003,18,1,57,70,No
RD02254,T0376,S004,11,7,61,70,No
RD02255,T0376,S005,12,10,68,70,No
RD02256,T0376,S006,0,68,0,70,No
RD02257,T0377,S031,13,0,22,45,No
RD02258,T0377,S032,7,4,25,45,No
RD02259,T0377,S033,18,0,43,45,No
RD02260,T0377,S034,15,8,59,45,Yes
RD02261,T0377,S035,11,0,70,45,Yes
RD02262,T0377,S036,3,70,3,45,No
RD02263,T0378,S019,39,0,55,70,No
RD02264,T0378,S020,3,8,50,70,No
RD02265,T0378,S021,4,3,51,70,No
RD02266,T0378,S022,29,6,74,70,Yes
RD02267,T0378,S023,13,6,81,70,Yes
RD02268,T0378,S024,4,81,4,70,No
RD02269,T0379,S013,9,0,20,45,No
RD02270,T0379,S014,2,6,16,45,No
RD02271,T0379,S015,4,3,17,45,No
RD02272,T0379,S016,6,2,21,45,No
RD02273,T0379,S017,2,4,19,45,No
RD02274,T0379,S018,0,19,0,45,No
RD02275,T0380,S025,40,0,40,70,No
RD02276,T0380,S026,22,0,62,70,No
RD02277,T0380,S027,7,3,66,70,No
RD02278,T0380,S028,4,5,65,70,No
RD02279,T0380,S029,16,8,73,70,Yes
RD02280,T0380,S030,4,73,4,70,No
RD02281,T0381,S043,26,0,27,45,No
RD02282,T0381,S044,3,1,29,45,No
RD02283,T0381,S045,13,0,42,45,No
RD02284,T0381,S046,5,1,56,45,Yes
RD02285,T0381,S047,10,0,66,45,Yes
RD02286,T0381,S048,3,66,6,45,No
RD02287,T0382,S043,3,0,7,25,No
RD02288,T0382,S044,7,3,11,25,No
RD02289,T0382,S045,4,3,12,25,No
RD02290,T0382,S046,10,5,26,25,Yes
RD02291,T0382,S047,7,3,30,25,Yes
RD02292,T0382,S048,4,30,4,25,No
RD02293,T0383,S019,13,0,18,25,No
RD02294,T0383,S020,9,3,24,25,No
RD02295,T0383,S021,2,1,25,25,No
RD02296,T0383,S022,2,4,23,25,No
RD02297,T0383,S023,10,1,32,25,Yes
RD02298,T0383,S024,4,32,4,25,No
RD02299,T0384,S031,10,0,13,25,No
RD02300,T0384,S032,3,3,13,25,No
RD02301,T0384,S033,1,0,14,25,No
RD02302,T0384,S034,7,4,17,25,No
RD02303,T0384,S035,6,5,18,25,No
RD02304,T0384,S036,4,18,4,25,No
RD02305,T0385,S019,21,0,23,45,No
RD02306,T0385,S020,10,5,28,45,No
RD02307,T0385,S021,17,0,45,45,No
RD02308,T0385,S022,2,2,45,45,No
RD02309,T0385,S023,2,8,39,45,No
RD02310,T0385,S024,1,39,1,45,No
RD02311,T0386,S019,9,0,19,45,No
RD02312,T0386,S020,6,1,24,45,No
RD02313,T0386,S021,11,3,32,45,No
RD02314,T0386,S022,8,7,33,45,No
RD02315,T0386,S023,6,9,30,45,No
RD02316,T0386,S024,4,30,4,45,No
RD02317,T0387,S043,19,0,29,70,No
RD02318,T0387,S044,14,4,39,70,No
RD02319,T0387,S045,6,5,40,70,No
RD02320,T0387,S046,15,1,54,70,No
RD02321,T0387,S047,2,14,42,70,No
RD02322,T0387,S048,3,42,3,70,No
RD02323,T0388,S043,3,0,4,25,No
RD02324,T0388,S044,8,1,11,25,No
RD02325,T0388,S045,8,1,18,25,No
RD02326,T0388,S046,7,2,23,25,No
RD02327,T0388,S047,1,1,23,25,No
RD02328,T0388,S048,0,23,0,25,No
RD02329,T0389,S037,17,0,34,70,No
RD02330,T0389,S038,13,7,40,70,No
RD02331,T0389,S039,24,14,53,70,No
RD02332,T0389,S040,13,3,63,70,No
RD02333,T0389,S041,17,3,77,70,Yes
RD02334,T0389,S042,2,77,2,70,No
RD02335,T0390,S031,8,0,11,45,No
RD02336,T0390,S032,1,3,9,45,No
RD02337,T0390,S033,5,2,12,45,No
RD02338,T0390,S034,1,1,12,45,No
RD02339,T0390,S035,7,2,17,45,No
RD02340,T0390,S036,0,17,0,45,No
RD02341,T0391,S007,23,0,33,70,No
RD02342,T0391,S008,24,3,54,70,No
RD02343,T0391,S009,11,10,55,70,No
RD02344,T0391,S010,28,12,71,70,Yes
RD02345,T0391,S011,8,1,78,70,Yes
RD02346,T0391,S012,1,78,1,70,No
RD02347,T0392,S037,18,0,24,70,No
RD02348,T0392,S038,12,6,30,70,No
RD02349,T0392,S039,14,5,39,70,No
RD02350,T0392,S040,8,10,37,70,No
RD02351,T0392,S041,2,14,25,70,No
RD02352,T0392,S042,4,25,4,70,No
RD02353,T0393,S037,4,0,8,25,No
RD02354,T0393,S038,3,4,7,25,No
RD02355,T0393,S039,3,1,9,25,No
RD02356,T0393,S040,1,1,9,25,No
RD02357,T0393,S041,3,5,7,25,No
RD02358,T0393,S042,1,7,1,25,No
RD02359,T0394,S007,15,0,23,45,No
RD02360,T0394,S008,4,7,20,45,No
RD02361,T0394,S009,8,1,27,45,No
RD02362,T0394,S010,2,9,20,45,No
RD02363,T0394,S011,9,2,27,45,No
RD02364,T0394,S012,3,27,3,45,No
RD02365,T0395,S019,22,0,32,45,No
RD02366,T0395,S020,15,8,39,45,No
RD02367,T0395,S021,17,5,51,45,Yes
RD02368,T0395,S022,16,7,60,45,Yes
RD02369,T0395,S023,21,6,75,45,Yes
RD02370,T0395,S024,4,75,4,45,No
RD02371,T0396,S037,6,0,7,25,No
RD02372,T0396,S038,4,3,8,25,No
RD02373,T0396,S039,7,2,13,25,No
RD02374,T0396,S040,3,4,12,25,No
RD02375,T0396,S041,5,2,15,25,No
RD02376,T0396,S042,1,15,1,25,No
RD02377,T0397,S043,38,0,47,70,No
RD02378,T0397,S044,3,3,47,70,No
RD02379,T0397,S045,22,9,60,70,No
RD02380,T0397,S046,28,7,81,70,Yes
RD02381,T0397,S047,32,12,101,70,Yes
RD02382,T0397,S048,3,101,13,70,No
RD02383,T0398,S037,14,0,21,70,No
RD02384,T0398,S038,3,10,14,70,No
RD02385,T0398,S039,3,5,12,70,No
RD02386,T0398,S040,17,4,25,70,No
RD02387,T0398,S041,18,8,35,70,No
RD02388,T0398,S042,0,35,0,70,No
RD02389,T0399,S019,7,0,13,25,No
RD02390,T0399,S020,2,0,18,25,No
RD02391,T0399,S021,4,4,18,25,No
RD02392,T0399,S022,6,5,19,25,No
RD02393,T0399,S023,11,5,25,25,No
RD02394,T0399,S024,1,25,1,25,No
RD02395,T0400,S001,15,0,16,25,No
RD02396,T0400,S002,5,4,24,25,No
RD02397,T0400,S003,6,2,28,25,Yes
RD02398,T0400,S004,7,3,32,25,Yes
RD02399,T0400,S005,1,5,28,25,Yes
RD02400,T0400,S006,4,28,4,25,No
RD02401,T0401,S019,9,0,10,25,No
RD02402,T0401,S020,4,5,9,25,No
RD02403,T0401,S021,10,4,15,25,No
RD02404,T0401,S022,8,3,20,25,No
RD02405,T0401,S023,6,0,26,25,Yes
RD02406,T0401,S024,3,26,3,25,No
RD02407,T0402,S019,19,0,30,45,No
RD02408,T0402,S020,18,7,46,45,Yes
RD02409,T0402,S021,5,9,42,45,No
RD02410,T0402,S022,16,0,58,45,Yes
RD02411,T0402,S023,11,5,64,45,Yes
RD02412,T0402,S024,3,64,3,45,No
RD02413,T0403,S031,15,0,18,25,No
RD02414,T0403,S032,5,4,19,25,No
RD02415,T0403,S033,10,0,29,25,Yes
RD02416,T0403,S034,3,1,31,25,Yes
RD02417,T0403,S035,10,2,39,25,Yes
RD02418,T0403,S036,4,39,4,25,No
RD02419,T0404,S025,16,0,28,70,No
RD02420,T0404,S026,13,3,38,70,No
RD02421,T0404,S027,18,1,55,70,No
RD02422,T0404,S028,7,6,56,70,No
RD02423,T0404,S029,4,7,53,70,No
RD02424,T0404,S030,2,53,2,70,No
RD02425,T0405,S013,20,0,34,70,No
RD02426,T0405,S014,10,14,30,70,No
RD02427,T0405,S015,6,1,35,70,No
RD02428,T0405,S016,18,1,52,70,No
RD02429,T0405,S017,2,2,52,70,No
RD02430,T0405,S018,4,52,4,70,No
RD02431,T0406,S037,11,0,26,70,No
RD02432,T0406,S038,25,1,50,70,No
RD02433,T0406,S039,19,3,66,70,No
RD02434,T0406,S040,30,1,106,70,Yes
RD02435,T0406,S041,11,0,117,70,Yes
RD02436,T0406,S042,3,117,3,70,No
RD02437,T0407,S037,8,0,9,45,No
RD02438,T0407,S038,7,8,8,45,No
RD02439,T0407,S039,2,7,3,45,No
RD02440,T0407,S040,4,3,4,45,No
RD02441,T0407,S041,4,1,7,45,No
RD02442,T0407,S042,2,7,2,45,No
RD02443,T0408,S025,14,0,17,25,No
RD02444,T0408,S026,10,1,26,25,Yes
RD02445,T0408,S027,10,2,34,25,Yes
RD02446,T0408,S028,11,5,40,25,Yes
RD02447,T0408,S029,1,1,40,25,Yes
RD02448,T0408,S030,3,40,12,25,No
RD02449,T0409,S001,4,0,8,25,No
RD02450,T0409,S002,3,4,7,25,No
RD02451,T0409,S003,4,4,7,25,No
RD02452,T0409,S004,4,3,8,25,No
RD02453,T0409,S005,1,4,5,25,No
RD02454,T0409,S006,0,5,0,25,No
RD02455,T0410,S025,13,0,15,25,No
RD02456,T0410,S026,6,3,18,25,No
RD02457,T0410,S027,5,5,18,25,No
RD02458,T0410,S028,7,1,24,25,No
RD02459,T0410,S029,7,4,27,25,Yes
RD02460,T0410,S030,1,27,1,25,No
RD02461,T0411,S031,9,0,9,25,No
RD02462,T0411,S032,4,0,13,25,No
RD02463,T0411,S033,5,1,17,25,No
RD02464,T0411,S034,5,4,18,25,No
RD02465,T0411,S035,4,0,22,25,No
RD02466,T0411,S036,3,22,3,25,No
RD02467,T0412,S001,4,0,8,25,No
RD02468,T0412,S002,2,0,10,25,No
RD02469,T0412,S003,7,2,15,25,No
RD02470,T0412,S004,4,2,17,25,No
RD02471,T0412,S005,1,3,25,25,No
RD02472,T0412,S006,3,25,3,25,No
RD02473,T0413,S019,22,0,34,70,No
RD02474,T0413,S020,17,0,51,70,No
RD02475,T0413,S021,9,14,46,70,No
RD02476,T0413,S022,30,11,65,70,No
RD02477,T0413,S023,6,1,70,70,No
RD02478,T0413,S024,1,70,1,70,No
RD02479,T0414,S019,5,0,8,25,No
RD02480,T0414,S020,3,2,9,25,No
RD02481,T0414,S021,10,0,19,25,No
RD02482,T0414,S022,2,2,19,25,No
RD02483,T0414,S023,3,3,22,25,No
RD02484,T0414,S024,2,22,2,25,No
RD02485,T0415,S019,11,0,16,45,No
RD02486,T0415,S020,18,0,34,45,No
RD02487,T0415,S021,21,0,55,45,Yes
RD02488,T0415,S022,13,1,67,45,Yes
RD02489,T0415,S023,2,7,62,45,Yes
RD02490,T0415,S024,0,62,0,45,No
RD02491,T0416,S025,9,0,12,45,No
RD02492,T0416,S026,4,5,11,45,No
RD02493,T0416,S027,2,3,10,45,No
RD02494,T0416,S028,7,0,17,45,No
RD02495,T0416,S029,1,0,18,45,No
RD02496,T0416,S030,2,18,2,45,No
RD02497,T0417,S025,20,0,26,70,No
RD02498,T0417,S026,3,10,19,70,No
RD02499,T0417,S027,4,3,20,70,No
RD02500,T0417,S028,6,12,14,70,No
RD02501,T0417,S029,6,11,9,70,No
RD02502,T0417,S030,0,9,0,70,No
RD02503,T0418,S043,11,0,14,25,No
RD02504,T0418,S044,6,2,18,25,No
RD02505,T0418,S045,10,1,27,25,Yes
RD02506,T0418,S046,7,4,30,25,Yes
RD02507,T0418,S047,4,0,34,25,Yes
RD02508,T0418,S048,2,34,2,25,No
RD02509,T0419,S031,35,0,35,70,No
RD02510,T0419,S032,25,0,60,70,No
RD02511,T0419,S033,5,3,62,70,No
RD02512,T0419,S034,24,4,88,70,Yes
RD02513,T0419,S035,20,6,102,70,Yes
RD02514,T0419,S036,3,102,3,70,No
RD02515,T0420,S037,23,0,24,45,No
RD02516,T0420,S038,6,9,21,45,No
RD02517,T0420,S039,20,1,40,45,No
RD02518,T0420,S040,5,6,39,45,No
RD02519,T0420,S041,16,5,53,45,Yes
RD02520,T0420,S042,4,53,4,45,No
RD02521,T0421,S037,18,0,25,45,No
RD02522,T0421,S038,17,3,39,45,No
RD02523,T0421,S039,8,0,51,45,Yes
RD02524,T0421,S040,8,4,55,45,Yes
RD02525,T0421,S041,20,3,77,45,Yes
RD02526,T0421,S042,2,77,2,45,No
RD02527,T0422,S025,4,0,5,25,No
RD02528,T0422,S026,2,3,4,25,No
RD02529,T0422,S027,2,0,6,25,No
RD02530,T0422,S028,5,5,6,25,No
RD02531,T0422,S029,6,3,9,25,No
RD02532,T0422,S030,2,9,2,25,No
RD02533,T0423,S043,7,0,8,25,No
RD02534,T0423,S044,9,0,17,25,No
RD02535,T0423,S045,11,3,25,25,No
RD02536,T0423,S046,4,0,29,25,Yes
RD02537,T0423,S047,6,2,33,25,Yes
RD02538,T0423,S048,4,33,10,25,No
RD02539,T0424,S043,13,0,23,45,No
RD02540,T0424,S044,17,6,34,45,No
RD02541,T0424,S045,21,7,58,45,Yes
RD02542,T0424,S046,7,1,69,45,Yes
RD02543,T0424,S047,5,3,71,45,Yes
RD02544,T0424,S048,4,71,4,45,No
RD02545,T0425,S001,6,0,12,25,No
RD02546,T0425,S002,7,0,19,25,No
RD02547,T0425,S003,3,2,20,25,No
RD02548,T0425,S004,7,1,26,25,Yes
RD02549,T0425,S005,5,1,30,25,Yes
RD02550,T0425,S006,3,30,3,25,No
RD02551,T0426,S001,7,0,8,25,No
RD02552,T0426,S002,2,3,7,25,No
RD02553,T0426,S003,7,2,12,25,No
RD02554,T0426,S004,8,3,17,25,No
RD02555,T0426,S005,7,4,20,25,No
RD02556,T0426,S006,3,20,12,25,No
RD02557,T0427,S007,8,0,14,45,No
RD02558,T0427,S008,20,4,30,45,No
RD02559,T0427,S009,6,8,28,45,No
RD02560,T0427,S010,10,7,31,45,No
RD02561,T0427,S011,18,6,43,45,No
RD02562,T0427,S012,0,43,0,45,No
RD02563,T0428,S043,10,0,15,25,No
RD02564,T0428,S044,1,1,26,25,Yes
RD02565,T0428,S045,6,5,27,25,Yes
RD02566,T0428,S046,7,3,31,25,Yes
RD02567,T0428,S047,7,2,36,25,Yes
RD02568,T0428,S048,4,36,7,25,No
RD02569,T0429,S037,6,0,6,25,No
RD02570,T0429,S038,2,4,4,25,No
RD02571,T0429,S039,4,1,7,25,No
RD02572,T0429,S040,6,2,11,25,No
RD02573,T0429,S041,5,2,14,25,No
RD02574,T0429,S042,3,14,3,25,No
RD02575,T0430,S037,13,0,24,70,No
RD02576,T0430,S038,28,14,38,70,No
RD02577,T0430,S039,31,3,74,70,Yes
RD02578,T0430,S040,2,10,66,70,No
RD02579,T0430,S041,10,10,66,70,No
RD02580,T0430,S042,3,66,3,70,No
RD02581,T0431,S013,7,0,8,25,No
RD02582,T0431,S014,11,4,15,25,No
RD02583,T0431,S015,2,0,17,25,No
RD02584,T0431,S016,7,5,19,25,No
RD02585,T0431,S017,2,4,17,25,No
RD02586,T0431,S018,1,17,1,25,No
RD02587,T0432,S037,6,0,7,25,No
RD02588,T0432,S038,6,2,11,25,No
RD02589,T0432,S039,5,2,14,25,No
RD02590,T0432,S040,6,4,16,25,No
RD02591,T0432,S041,5,3,18,25,No
RD02592,T0432,S042,2,18,2,25,No
RD02593,T0433,S019,19,0,30,45,No
RD02594,T0433,S020,4,1,33,45,No
RD02595,T0433,S021,5,5,33,45,No
RD02596,T0433,S022,13,3,43,45,No
RD02597,T0433,S023,6,0,49,45,Yes
RD02598,T0433,S024,0,49,0,45,No
RD02599,T0434,S001,8,0,14,25,No
RD02600,T0434,S002,5,3,16,25,No
RD02601,T0434,S003,6,3,19,25,No
RD02602,T0434,S004,6,2,23,25,No
RD02603,T0434,S005,2,3,22,25,No
RD02604,T0434,S006,1,22,1,25,No
RD02605,T0435,S043,21,0,32,70,No
RD02606,T0435,S044,32,3,61,70,No
RD02607,T0435,S045,29,1,89,70,Yes
RD02608,T0435,S046,12,3,98,70,Yes
RD02609,T0435,S047,12,11,99,70,Yes
RD02610,T0435,S048,1,99,1,70,No
RD02611,T0436,S031,13,0,19,45,No
RD02612,T0436,S032,2,9,12,45,No
RD02613,T0436,S033,2,2,12,45,No
RD02614,T0436,S034,2,4,10,45,No
RD02615,T0436,S035,2,6,6,45,No
RD02616,T0436,S036,2,6,2,45,No
RD02617,T0437,S001,8,0,14,25,No
RD02618,T0437,S002,8,3,19,25,No
RD02619,T0437,S003,1,0,23,25,No
RD02620,T0437,S004,10,5,28,25,Yes
RD02621,T0437,S005,2,0,30,25,Yes
RD02622,T0437,S006,0,30,0,25,No
RD02623,T0438,S001,5,0,9,25,No
RD02624,T0438,S002,4,3,10,25,No
RD02625,T0438,S003,5,2,13,25,No
RD02626,T0438,S004,3,3,13,25,No
RD02627,T0438,S005,6,2,17,25,No
RD02628,T0438,S006,2,17,2,25,No
RD02629,T0439,S001,13,0,18,45,No
RD02630,T0439,S002,13,6,25,45,No
RD02631,T0439,S003,11,5,31,45,No
RD02632,T0439,S004,15,0,46,45,Yes
RD02633,T0439,S005,5,6,49,45,Yes
RD02634,T0439,S006,4,49,4,45,No
RD02635,T0440,S037,15,0,20,25,No
RD02636,T0440,S038,8,2,26,25,Yes
RD02637,T0440,S039,8,5,29,25,Yes
RD02638,T0440,S040,4,5,36,25,Yes
RD02639,T0440,S041,11,0,47,25,Yes
RD02640,T0440,S042,0,47,0,25,No
RD02641,T0441,S037,5,0,10,25,No
RD02642,T0441,S038,4,5,9,25,No
RD02643,T0441,S039,5,1,13,25,No
RD02644,T0441,S040,4,3,14,25,No
RD02645,T0441,S041,5,5,14,25,No
RD02646,T0441,S042,0,14,0,25,No
RD02647,T0442,S007,6,0,8,25,No
RD02648,T0442,S008,6,3,11,25,No
RD02649,T0442,S009,1,5,7,25,No
RD02650,T0442,S010,4,5,6,25,No
RD02651,T0442,S011,5,2,9,25,No
RD02652,T0442,S012,1,9,1,25,No
RD02653,T0443,S007,5,0,10,25,No
RD02654,T0443,S008,9,4,25,25,No
RD02655,T0443,S009,5,0,30,25,Yes
RD02656,T0443,S010,8,4,34,25,Yes
RD02657,T0443,S011,2,3,33,25,Yes
RD02658,T0443,S012,4,33,4,25,No
RD02659,T0444,S037,5,0,6,25,No
RD02660,T0444,S038,2,5,3,25,No
RD02661,T0444,S039,3,0,6,25,No
RD02662,T0444,S040,7,2,11,25,No
RD02663,T0444,S041,5,1,15,25,No
RD02664,T0444,S042,0,15,0,25,No
RD02665,T0445,S043,41,0,58,70,No
RD02666,T0445,S044,22,11,69,70,No
RD02667,T0445,S045,5,14,60,70,No
RD02668,T0445,S046,25,6,79,70,Yes
RD02669,T0445,S047,28,12,95,70,Yes
RD02670,T0445,S048,1,95,1,70,No
RD02671,T0446,S037,4,0,6,25,No
RD02672,T0446,S038,10,2,14,25,No
RD02673,T0446,S039,2,5,11,25,No
RD02674,T0446,S040,6,1,16,25,No
RD02675,T0446,S041,1,4,13,25,No
RD02676,T0446,S042,4,13,4,25,No
RD02677,T0447,S007,9,0,15,25,No
RD02678,T0447,S008,6,2,19,25,No
RD02679,T0447,S009,9,1,27,25,Yes
RD02680,T0447,S010,4,4,27,25,Yes
RD02681,T0447,S011,9,0,36,25,Yes
RD02682,T0447,S012,2,36,2,25,No
RD02683,T0448,S037,24,0,33,70,No
RD02684,T0448,S038,10,7,36,70,No
RD02685,T0448,S039,3,2,37,70,No
RD02686,T0448,S040,33,4,66,70,No
RD02687,T0448,S041,18,1,83,70,Yes
RD02688,T0448,S042,4,83,4,70,No
RD02689,T0449,S025,6,0,12,25,No
RD02690,T0449,S026,7,5,22,25,No
RD02691,T0449,S027,4,1,25,25,No
RD02692,T0449,S028,1,1,25,25,No
RD02693,T0449,S029,8,1,32,25,Yes
RD02694,T0449,S030,2,32,2,25,No
RD02695,T0450,S043,4,0,9,25,No
RD02696,T0450,S044,5,0,14,25,No
RD02697,T0450,S045,3,3,14,25,No
RD02698,T0450,S046,6,3,17,25,No
RD02699,T0450,S047,3,3,17,25,No
RD02700,T0450,S048,3,17,3,25,No
RD02701,T0451,S001,4,0,7,25,No
RD02702,T0451,S002,5,2,10,25,No
RD02703,T0451,S003,9,1,18,25,No
RD02704,T0451,S004,6,1,23,25,No
RD02705,T0451,S005,1,4,20,25,No
RD02706,T0451,S006,2,20,2,25,No
RD02707,T0452,S037,7,0,8,25,No
RD02708,T0452,S038,4,1,11,25,No
RD02709,T0452,S039,4,5,10,25,No
RD02710,T0452,S040,2,2,10,25,No
RD02711,T0452,S041,2,1,11,25,No
RD02712,T0452,S042,1,11,1,25,No
RD02713,T0453,S019,26,0,49,45,Yes
RD02714,T0453,S020,5,1,53,45,Yes
RD02715,T0453,S021,6,6,53,45,Yes
RD02716,T0453,S022,12,1,64,45,Yes
RD02717,T0453,S023,2,2,64,45,Yes
RD02718,T0453,S024,4,64,4,45,No
RD02719,T0454,S025,19,0,32,70,No
RD02720,T0454,S026,16,6,48,70,No
RD02721,T0454,S027,32,6,74,70,Yes
RD02722,T0454,S028,12,9,77,70,Yes
RD02723,T0454,S029,6,6,77,70,Yes
RD02724,T0454,S030,3,77,3,70,No
RD02725,T0455,S025,6,0,11,25,No
RD02726,T0455,S026,1,2,10,25,No
RD02727,T0455,S027,1,0,11,25,No
RD02728,T0455,S028,1,0,12,25,No
RD02729,T0455,S029,6,3,15,25,No
RD02730,T0455,S030,4,15,4,25,No
RD02731,T0456,S043,11,0,18,70,No
RD02732,T0456,S044,31,9,40,70,No
RD02733,T0456,S045,7,11,36,70,No
RD02734,T0456,S046,25,2,59,70,No
RD02735,T0456,S047,28,10,77,70,Yes
RD02736,T0456,S048,1,77,1,70,No
RD02737,T0457,S013,14,0,15,45,No
RD02738,T0457,S014,7,2,20,45,No
RD02739,T0457,S015,7,0,27,45,No
RD02740,T0457,S016,9,8,28,45,No
RD02741,T0457,S017,8,8,28,45,No
RD02742,T0457,S018,0,28,0,45,No
RD02743,T0458,S031,7,0,11,25,No
RD02744,T0458,S032,6,4,13,25,No
RD02745,T0458,S033,1,5,9,25,No
RD02746,T0458,S034,6,1,14,25,No
RD02747,T0458,S035,2,0,16,25,No
RD02748,T0458,S036,4,16,4,25,No
RD02749,T0459,S013,11,0,32,45,No
RD02750,T0459,S014,4,5,43,45,No
RD02751,T0459,S015,21,3,61,45,Yes
RD02752,T0459,S016,9,8,62,45,Yes
RD02753,T0459,S017,3,0,65,45,Yes
RD02754,T0459,S018,4,65,4,45,No
RD02755,T0460,S037,20,0,37,70,No
RD02756,T0460,S038,1,10,28,70,No
RD02757,T0460,S039,19,0,47,70,No
RD02758,T0460,S040,9,7,49,70,No
RD02759,T0460,S041,21,11,59,70,No
RD02760,T0460,S042,2,59,2,70,No
RD02761,T0461,S043,12,0,20,45,No
RD02762,T0461,S044,8,0,33,45,No
RD02763,T0461,S045,7,4,36,45,No
RD02764,T0461,S046,18,9,45,45,No
RD02765,T0461,S047,9,5,49,45,Yes
RD02766,T0461,S048,4,49,4,45,No
RD02767,T0462,S031,7,0,11,25,No
RD02768,T0462,S032,3,5,9,25,No
RD02769,T0462,S033,5,0,14,25,No
RD02770,T0462,S034,3,5,12,25,No
RD02771,T0462,S035,11,0,23,25,No
RD02772,T0462,S036,1,23,1,25,No
RD02773,T0463,S013,13,0,17,25,No
RD02774,T0463,S014,10,4,23,25,No
RD02775,T0463,S015,6,1,28,25,Yes
RD02776,T0463,S016,7,3,44,25,Yes
RD02777,T0463,S017,2,1,45,25,Yes
RD02778,T0463,S018,4,45,4,25,No
RD02779,T0464,S043,36,0,57,70,No
RD02780,T0464,S044,22,5,74,70,Yes
RD02781,T0464,S045,15,2,87,70,Yes
RD02782,T0464,S046,25,1,111,70,Yes
RD02783,T0464,S047,25,3,133,70,Yes
RD02784,T0464,S048,0,133,0,70,No
RD02785,T0465,S037,7,0,12,25,No
RD02786,T0465,S038,2,3,11,25,No
RD02787,T0465,S039,10,5,16,25,No
RD02788,T0465,S040,5,4,17,25,No
RD02789,T0465,S041,3,0,20,25,No
RD02790,T0465,S042,3,20,3,25,No
RD02791,T0466,S037,35,0,52,70,No
RD02792,T0466,S038,17,2,78,70,Yes
RD02793,T0466,S039,10,11,77,70,Yes
RD02794,T0466,S040,25,2,100,70,Yes
RD02795,T0466,S041,4,4,100,70,Yes
RD02796,T0466,S042,2,100,2,70,No
RD02797,T0467,S043,15,0,18,45,No
RD02798,T0467,S044,8,6,20,45,No
RD02799,T0467,S045,8,2,26,45,No
RD02800,T0467,S046,8,5,29,45,No
RD02801,T0467,S047,5,8,26,45,No
RD02802,T0467,S048,2,26,2,45,No
RD02803,T0468,S031,22,0,28,45,No
RD02804,T0468,S032,10,3,35,45,No
RD02805,T0468,S033,10,1,44,45,No
RD02806,T0468,S034,3,5,42,45,No
RD02807,T0468,S035,8,1,49,45,Yes
RD02808,T0468,S036,1,49,1,45,No
RD02809,T0469,S007,14,0,14,25,No
RD02810,T0469,S008,1,3,12,25,No
RD02811,T0469,S009,11,3,20,25,No
RD02812,T0469,S010,3,5,18,25,No
RD02813,T0469,S011,11,4,25,25,No
RD02814,T0469,S012,4,25,4,25,No
RD02815,T0470,S001,6,0,12,45,No
RD02816,T0470,S002,14,0,26,45,No
RD02817,T0470,S003,8,5,29,45,No
RD02818,T0470,S004,20,8,51,45,Yes
RD02819,T0470,S005,17,2,66,45,Yes
RD02820,T0470,S006,1,66,6,45,No
RD02821,T0471,S031,32,0,48,70,No
RD02822,T0471,S032,32,6,74,70,Yes
RD02823,T0471,S033,8,5,77,70,Yes
RD02824,T0471,S034,16,10,83,70,Yes
RD02825,T0471,S035,8,13,78,70,Yes
RD02826,T0471,S036,3,78,3,70,No
RD02827,T0472,S019,3,0,4,25,No
RD02828,T0472,S020,4,4,4,25,No
RD02829,T0472,S021,3,1,6,25,No
RD02830,T0472,S022,5,5,6,25,No
RD02831,T0472,S023,4,0,10,25,No
RD02832,T0472,S024,4,10,4,25,No
RD02833,T0473,S013,10,0,25,70,No
RD02834,T0473,S014,1,5,21,70,No
RD02835,T0473,S015,15,9,27,70,No
RD02836,T0473,S016,10,5,32,70,No
RD02837,T0473,S017,4,5,31,70,No
RD02838,T0473,S018,0,31,0,70,No
RD02839,T0474,S007,11,0,16,45,No
RD02840,T0474,S008,4,0,20,45,No
RD02841,T0474,S009,3,3,20,45,No
RD02842,T0474,S010,14,2,32,45,No
RD02843,T0474,S011,1,7,26,45,No
RD02844,T0474,S012,2,26,2,45,No
RD02845,T0475,S031,8,0,11,25,No
RD02846,T0475,S032,3,3,11,25,No
RD02847,T0475,S033,2,2,11,25,No
RD02848,T0475,S034,8,5,14,25,No
RD02849,T0475,S035,7,2,25,25,No
RD02850,T0475,S036,0,25,0,25,No
RD02851,T0476,S043,18,0,19,70,No
RD02852,T0476,S044,22,11,30,70,No
RD02853,T0476,S045,13,2,41,70,No
RD02854,T0476,S046,18,10,49,70,No
RD02855,T0476,S047,32,7,74,70,Yes
RD02856,T0476,S048,1,74,1,70,No
RD02857,T0477,S007,15,0,21,25,No
RD02858,T0477,S008,7,4,24,25,No
RD02859,T0477,S009,1,0,25,25,No
RD02860,T0477,S010,9,2,38,25,Yes
RD02861,T0477,S011,11,0,49,25,Yes
RD02862,T0477,S012,3,49,3,25,No
RD02863,T0478,S019,3,0,8,25,No
RD02864,T0478,S020,5,2,11,25,No
RD02865,T0478,S021,4,3,12,25,No
RD02866,T0478,S022,9,5,16,25,No
RD02867,T0478,S023,2,2,16,25,No
RD02868,T0478,S024,1,16,1,25,No
RD02869,T0479,S037,6,0,9,25,No
RD02870,T0479,S038,9,0,18,25,No
RD02871,T0479,S039,10,1,27,25,Yes
RD02872,T0479,S040,4,1,30,25,Yes
RD02873,T0479,S041,1,3,28,25,Yes
RD02874,T0479,S042,1,28,1,25,No
RD02875,T0480,S037,6,0,12,45,No
RD02876,T0480,S038,2,1,13,45,No
RD02877,T0480,S039,10,8,15,45,No
RD02878,T0480,S040,8,3,20,45,No
RD02879,T0480,S041,2,7,15,45,No
RD02880,T0480,S042,0,15,0,45,No
RD02881,T0481,S043,11,0,15,45,No
RD02882,T0481,S044,6,4,17,45,No
RD02883,T0481,S045,4,6,15,45,No
RD02884,T0481,S046,1,5,11,45,No
RD02885,T0481,S047,1,2,10,45,No
RD02886,T0481,S048,0,10,0,45,No
RD02887,T0482,S007,27,0,27,45,No
RD02888,T0482,S008,10,3,34,45,No
RD02889,T0482,S009,4,9,29,45,No
RD02890,T0482,S010,16,4,41,45,No
RD02891,T0482,S011,4,4,41,45,No
RD02892,T0482,S012,0,41,0,45,No
RD02893,T0483,S013,31,0,35,70,No
RD02894,T0483,S014,24,12,47,70,No
RD02895,T0483,S015,24,9,62,70,No
RD02896,T0483,S016,14,4,72,70,Yes
RD02897,T0483,S017,7,1,78,70,Yes
RD02898,T0483,S018,4,78,4,70,No
RD02899,T0484,S031,22,0,28,70,No
RD02900,T0484,S032,7,14,32,70,No
RD02901,T0484,S033,22,9,45,70,No
RD02902,T0484,S034,13,7,51,70,No
RD02903,T0484,S035,3,2,52,70,No
RD02904,T0484,S036,3,52,3,70,No
RD02905,T0485,S007,32,0,40,70,No
RD02906,T0485,S008,8,7,41,70,No
RD02907,T0485,S009,31,1,71,70,Yes
RD02908,T0485,S010,33,14,90,70,Yes
RD02909,T0485,S011,18,2,106,70,Yes
RD02910,T0485,S012,1,106,1,70,No
RD02911,T0486,S025,22,0,23,70,No
RD02912,T0486,S026,32,6,49,70,No
RD02913,T0486,S027,33,13,69,70,No
RD02914,T0486,S028,29,2,96,70,Yes
RD02915,T0486,S029,25,6,115,70,Yes
RD02916,T0486,S030,2,115,2,70,No
RD02917,T0487,S031,5,0,5,25,No
RD02918,T0487,S032,1,4,2,25,No
RD02919,T0487,S033,8,2,8,25,No
RD02920,T0487,S034,9,5,12,25,No
RD02921,T0487,S035,5,1,16,25,No
RD02922,T0487,S036,4,16,4,25,No
RD02923,T0488,S037,3,0,4,25,No
RD02924,T0488,S038,1,2,3,25,No
RD02925,T0488,S039,3,2,4,25,No
RD02926,T0488,S040,11,0,15,25,No
RD02927,T0488,S041,9,1,23,25,No
RD02928,T0488,S042,2,23,2,25,No
RD02929,T0489,S037,16,0,21,45,No
RD02930,T0489,S038,9,8,22,45,No
RD02931,T0489,S039,20,6,36,45,No
RD02932,T0489,S040,21,0,57,45,Yes
RD02933,T0489,S041,8,5,60,45,Yes
RD02934,T0489,S042,2,60,2,45,No
RD02935,T0490,S013,7,0,7,25,No
RD02936,T0490,S014,5,5,7,25,No
RD02937,T0490,S015,6,0,13,25,No
RD02938,T0490,S016,6,5,14,25,No
RD02939,T0490,S017,6,3,17,25,No
RD02940,T0490,S018,2,17,2,25,No
RD02941,T0491,S013,13,0,30,70,No
RD02942,T0491,S014,15,13,32,70,No
RD02943,T0491,S015,11,3,40,70,No
RD02944,T0491,S016,7,4,43,70,No
RD02945,T0491,S017,13,9,47,70,No
RD02946,T0491,S018,1,47,1,70,No
RD02947,T0492,S043,13,0,20,45,No
RD02948,T0492,S044,12,6,26,45,No
RD02949,T0492,S045,3,7,22,45,No
RD02950,T0492,S046,6,7,21,45,No
RD02951,T0492,S047,7,2,26,45,No
RD02952,T0492,S048,1,26,1,45,No
RD02953,T0493,S043,5,0,5,25,No
RD02954,T0493,S044,2,1,6,25,No
RD02955,T0493,S045,6,3,9,25,No
RD02956,T0493,S046,2,4,7,25,No
RD02957,T0493,S047,2,0,9,25,No
RD02958,T0493,S048,0,9,0,25,No
RD02959,T0494,S007,13,0,19,45,No
RD02960,T0494,S008,4,6,17,45,No
RD02961,T0494,S009,1,2,16,45,No
RD02962,T0494,S010,13,6,26,45,No
RD02963,T0494,S011,5,0,31,45,No
RD02964,T0494,S012,0,31,0,45,No
RD02965,T0495,S025,10,0,10,70,No
RD02966,T0495,S026,22,1,31,70,No
RD02967,T0495,S027,13,1,43,70,No
RD02968,T0495,S028,29,12,60,70,No
RD02969,T0495,S029,22,4,78,70,Yes
RD02970,T0495,S030,1,78,8,70,No
RD02971,T0496,S043,11,0,16,25,No
RD02972,T0496,S044,2,0,18,25,No
RD02973,T0496,S045,9,0,27,25,Yes
RD02974,T0496,S046,3,3,33,25,Yes
RD02975,T0496,S047,4,0,37,25,Yes
RD02976,T0496,S048,1,37,1,25,No
RD02977,T0497,S025,6,0,8,25,No
RD02978,T0497,S026,7,5,10,25,No
RD02979,T0497,S027,2,5,7,25,No
RD02980,T0497,S028,4,0,11,25,No
RD02981,T0497,S029,6,2,23,25,No
RD02982,T0497,S030,0,23,0,25,No
RD02983,T0498,S043,3,0,3,25,No
RD02984,T0498,S044,2,1,4,25,No
RD02985,T0498,S045,5,3,6,25,No
RD02986,T0498,S046,5,2,9,25,No
RD02987,T0498,S047,6,1,14,25,No
RD02988,T0498,S048,3,14,3,25,No
RD02989,T0499,S019,10,0,12,45,No
RD02990,T0499,S020,5,9,8,45,No
RD02991,T0499,S021,2,5,5,45,No
RD02992,T0499,S022,8,2,11,45,No
RD02993,T0499,S023,5,5,11,45,No
RD02994,T0499,S024,0,11,0,45,No
RD02995,T0500,S007,3,0,9,25,No
RD02996,T0500,S008,6,1,14,25,No
RD02997,T0500,S009,3,1,16,25,No
RD02998,T0500,S010,4,1,19,25,No
RD02999,T0500,S011,6,3,22,25,No
RD03000,T0500,S012,3,22,3,25,No
